Symbol,Company Name,Has Alerts,Alert Count,Price,Sector,Industry,Market Cap,Market Cap Category,Tradier Avg Vol,Actual Avg Stock Vol (30d),Avg Daily Opt Vol (30d),Peak Daily Opt Vol (30d),Avg Total OI (30d),Liquidity Tier,Beta,Keep
AA,Alcoa Corp,Yes,8,59.65,Basic Materials,Aluminum,15636248252,Large,5346961,7678013,14439,43935,108529,high,2.0963,
AAL,American Airlines Group Inc,Yes,14,11.18,Industrials,Airlines,7784990915,Mid,9539547,62153184,81048,240409,423524,high,1.6496,
AAON,AAON Inc,No,0,88.33,Industrials,Building Products & Equipment,7544619640,Mid,1000164,947325,122,1573,1515,high,1.9661,
AAP,Advance Auto Parts Inc,Yes,6,50.33,Consumer Cyclical,Auto Parts,3080726000,Mid,2042803,2067249,6808,16463,65054,high,1.4904,
AAPL,Apple Inc,Yes,31,257.46,Technology,Consumer Electronics,3821353930600,Mega,48098039,51586614,910461,1733527,1550037,ultra_liquid,0.9138,
ABBV,AbbVie Inc,Yes,2,230.11,Healthcare,Drug Manufacturers - General,410834069938,Mega,6606173,7018198,9389,18644,87390,high,-0.0467,
ABNB,Airbnb Inc,Yes,1,133.23,Consumer Cyclical,Travel Services,81443971193,Large,4795846,5390371,10494,34408,76536,high,1.2997,
ACGL,Arch Capital Group Ltd,No,0,97.21,Financial Services,Insurance - Reinsurance,34530712206,Large,1306565,1863483,215,1342,3075,high,-0.5206,
ACI,Albertsons Companies Inc,Yes,0,17.77,Consumer Defensive,Grocery Stores,8890696993,Mid,0,6175653,552,1958,15405,N/A,-0.4858,
ACM,AECOM,No,0,94.06,Industrials,Engineering & Construction,12124687158,Large,1475172,1703082,248,1530,2419,high,1.5554,
ACN,Accenture PLC,Yes,0,215,Technology,Information Technology Services,131703124026,Large,5364526,6806642,6148,24220,37828,high,1.2029,
ADBE,Adobe Inc,Yes,1,283.62,Technology,Software - Application,115654270000,Large,5237174,5787604,31727,119712,110330,high,0.5005,
ADC,Agree Realty Corp,No,0,81.35,Real Estate,REIT - Retail,9725893067,Mid,1338311,1306079,141,956,2088,high,-0.647,
ADI,Analog Devices Inc,Yes,0,315.81,Technology,Semiconductors,160970674646,Large,2185225,4489090,8683,39955,45210,high,1.2297,
ADM,Archer-Daniels-Midland Co,Yes,0,67.44,Consumer Defensive,Farm Products,32014358681,Large,2897877,3657370,3362,41513,26662,high,0.3934,
ADSK,Autodesk Inc,Yes,2,260.99,Technology,Software - Application,55729320000,Large,1435022,2495378,2154,11062,15337,high,1.3002,
ADT,ADT Inc,No,0,6.55,Industrials,Security & Protection Services,5525200840,Mid,1374878,13938424,1686,36924,17730,high,0.9825,Keep
AEP,American Electric Power Co Inc,Yes,0,131.87,Utilities,Utilities - Regulated Electric,71415348894,Large,2394845,3651872,1701,8341,20316,high,-0.2619,
AES,The AES Corp,Yes,2,14.15,Utilities,Diversified Utilities,10126359823,Large,4227125,14899053,13617,56864,91854,high,0.8508,
AFRM,Affirm Holdings Inc,Yes,4,51.7,Financial Services,Credit Services,17488309177,Large,6298547,7703076,16808,46876,76729,high,1.9468,
AGNC,AGNC Investment Corp,No,0,10.64,Real Estate,REIT - Mortgage,12085600303,Large,5578289,22937458,24007,84834,314026,high,0.5684,Keep
AIG,American International Group Inc,No,0,78.72,Financial Services,Insurance - Reinsurance,42962332216,Large,4793705,4043476,2622,10756,69296,high,-0.1141,Keep
AL,Air Lease Corp,No,0,64.52,Industrials,Rental & Leasing Services,7238607710,Mid,669789,1932585,15,200,2100,moderate,0.0215,
ALAB,Astera Labs Inc,Yes,11,119.2,Technology,Semiconductors,20425740360,Large,5168013,5606369,18906,47163,61682,high,3.7679,
ALB,Albemarle Corp,Yes,11,162.29,Basic Materials,Specialty Chemicals,19318694774,Large,1836414,2888069,5484,16056,38643,high,2.1679,
ALGM,Allegro Microsystems Inc,No,0,31.93,Technology,Semiconductors,6073834718,Mid,2588323,3035188,395,3905,3066,high,1.9145,
ALK,Alaska Air Group Inc,Yes,7,42.3,Industrials,Airlines,5021295510,Mid,1201087,3947679,1958,11829,15720,high,2.3511,
ALLY,Ally Financial Inc,No,0,38.07,Financial Services,Credit Services,12308870700,Large,3556592,3849811,2831,14020,48001,high,1.3085,
AM,Antero Midstream Corp,No,0,22.97,Energy,Oil & Gas Midstream,10814631660,Large,7253376,3084381,736,3713,12673,high,-0.0892,
AMAT,Applied Materials Inc,Yes,3,324.74,Technology,Semiconductor Equipment & Materials,275009627211,Mega,7360788,8206713,24525,91588,81515,high,2.8573,
AMCR,Amcor PLC,No,0,43.28,Consumer Cyclical,Packaging & Containers,20186776196,Large,5172101,6314330,436,2843,4968,high,2.7318,
AMD,Advanced Micro Devices Inc,Yes,25,192.43,Technology,Semiconductors,325185442636,Mega,55628230,40188307,487825,925258,787122,ultra_liquid,2.8741,
AMGN,Amgen Inc,Yes,3,369.53,Healthcare,Drug Manufacturers - General,198161277330,Large,2263055,2906339,20595,395654,57812,high,0.6028,
AMT,American Tower Corp,Yes,0,188.59,Real Estate,REIT - Specialty,87456155624,Large,1614300,3240343,1636,5994,17369,high,-0.1876,
AMTM,Amentum Holdings Inc,No,0,30.01,Industrials,Specialty Business Services,7457098330,Mid,2132611,2381905,774,2340,13543,high,1.1984,
AMZN,Amazon.com Inc,Yes,46,213.21,Consumer Cyclical,Internet Retail,2350303575277,Mega,47789032,58613614,807777,2154771,1401680,ultra_liquid,1.168,
ANET,Arista Networks Inc,Yes,8,132.89,Technology,Computer Hardware,175161384096,Large,769921,8825924,19009,80617,114751,moderate,2.4538,
AOS,A.O. Smith Corp,No,0,71.01,Industrials,Specialty Industrial Machinery,9959639822,Mid,1761608,1484039,596,2829,13203,high,0.4652,
APA,APA Corp,No,0,32.68,Energy,Oil & Gas E&P,11484190347,Large,6321940,7705178,7361,24407,60286,high,0.2182,Keep
APH,Amphenol Corp,Yes,2,131.87,Technology,Electronic Components,167468242063,Large,1169026,11776709,6793,35916,57643,high,2.2887,
APLS,Apellis Pharmaceuticals Inc,No,0,20.07,Healthcare,Biotechnology,2577050965,Mid,1482566,2847614,177,1697,4620,high,0.2696,
APO,Apollo Global Management Inc,Yes,1,108.7,Financial Services,Asset Management,64324233879,Large,2133218,6021496,7299,23675,58968,high,1.915,
APP,AppLovin Corp,Yes,14,502.14,Communication Services,Advertising Agencies,171526099680,Large,5708529,7384968,47164,110288,85301,high,4.0648,
APTV,Aptiv PLC,No,0,72.7,Consumer Cyclical,Auto Parts,15362562036,Large,1355873,2161426,557,2809,7458,high,1.4652,
AR,Antero Resources Corp,Yes,5,38.83,Energy,Oil & Gas E&P,12004707750,Large,10703935,6066184,13283,83128,213623,ultra_liquid,0.0152,
ARE,Alexandria Real Estate Equities Inc,No,0,50.73,Real Estate,REIT - Office,8975225696,Mid,857232,2665664,574,3321,11244,moderate,0.7119,
ARM,Arm Holdings plc - American Depositary Shares,Yes,12,114.38,Technology,Semiconductors,128098267392,Large,5937223,6124178,30837,139832,186771,high,1.9486,
ARMK,Aramark,No,0,40.25,Industrials,Specialty Business Services,10786789398,Large,2815124,3579294,192,2530,4268,high,0.9518,
AS,Amer Sports Inc,Yes,8,33.98,Consumer Cyclical,Leisure,19604100616,Large,0,5591419,4235,24661,38913,N/A,1.5262,
AVGO,Broadcom Inc,Yes,33,330.48,Technology,Semiconductors,1577753682093,Mega,2493527,26526978,271628,692256,662059,high,2.38,
AVTR,Avantor Inc,Yes,1,8.17,Healthcare,Medical Instruments & Supplies,5811116540,Mid,3368547,13416988,4816,47757,62571,high,1.7828,
AXP,American Express Co,Yes,9,301,Financial Services,Credit Services,210934688476,Mega,3258480,4021621,15024,40860,83578,high,1.45,
AXTA,Axalta Coating Systems Ltd,No,0,29.61,Basic Materials,Specialty Chemicals,6456695484,Mid,2255727,3147658,29,203,1630,high,0.5444,
AZN,AstraZeneca PLC Ordinary Shares,Yes,1,194.22,Healthcare,Drug Manufacturers - General,306280347443,Mega,5501585,2856102,2235,35476,8730,high,0.1824,
BA,Boeing Co,Yes,18,231.11,Industrials,Aerospace & Defense,174394176137,Large,6737527,6884597,55200,129602,294249,high,0.4407,
BAC,Bank of America Corp,Yes,20,48.64,Financial Services,Banks - Diversified,357470538887,Mega,46611481,41667035,121683,245702,694545,ultra_liquid,1.0828,
BAH,Booz Allen Hamilton Holding Corp,Yes,1,81.89,Industrials,Consulting Services,9623432242,Mid,1125592,2898091,962,6163,13176,high,1.0713,
BALL,Ball Corp,No,0,62.53,Consumer Cyclical,Packaging & Containers,16821399003,Large,0,2309745,687,5625,7234,N/A,-0.2477,
BAX,Baxter International Inc,Yes,1,17.69,Healthcare,Medical Instruments & Supplies,9569514837,Mid,2400757,10414364,3858,23969,57218,high,1.4382,
BBWI,Bath & Body Works Inc,Yes,5,20.8,Consumer Cyclical,Specialty Retail,4563244575,Mid,5529351,5226477,3305,33032,26629,high,1.3676,
BBY,Best Buy Co Inc,Yes,0,66.68,Consumer Cyclical,Specialty Retail,13745502756,Large,4780884,5003245,8159,26857,44489,high,0.8431,
BC,Brunswick Corp,No,0,70.62,Consumer Cyclical,Auto - Recreational Vehicles,4791190550,Mid,674184,1055569,48,165,1805,moderate,1.26,
BEN,Franklin Resources Inc,No,0,26.24,Financial Services,Asset Management,14018952020,Large,5058285,6265331,725,6754,12426,high,1.2052,
BEPC,Brookfield Renewable Corporation Brookfield Renewable Corporation Class A Subordinate Voting Shares,No,0,40.1,Utilities,Renewable Utilities,7256963390,Mid,966430,1077049,181,1571,5831,moderate,1.0733,
BG,Bunge Global SA,Yes,0,116.67,Consumer Defensive,Farm Products,21905227856,Large,942853,1588842,1083,19729,6156,moderate,0.3585,
BIIB,Biogen Inc,Yes,1,184.87,Healthcare,Drug Manufacturers - General,27602343946,Large,1771884,1298352,1052,5184,18469,high,0.7403,
BILL,BILL Holdings Inc,Yes,9,45.06,Technology,Software - Application,4466084657,Mid,2952269,3413621,6455,30748,43956,high,4.1269,
BJ,BJ's Wholesale Club Holdings Inc,Yes,0,96.8,Consumer Defensive,Discount Stores,12884574496,Large,1471346,1984223,806,2513,7055,high,-0.3688,
BKR,Baker Hughes Co,Yes,0,59.81,Energy,Oil & Gas Equipment & Services,59481955536,Large,7570050,9847355,2147,13465,24070,high,0.8659,
BLDR,Builders FirstSource Inc,No,0,93.12,Industrials,Building Products & Equipment,10563890140,Large,1197213,2404849,1139,4072,12155,high,1.3302,
BMRN,BioMarin Pharmaceutical Inc,No,0,61.12,Healthcare,Biotechnology,11639409686,Large,2496043,2260424,1041,6381,11458,high,0.6565,
BMY,Bristol-Myers Squibb Co,Yes,4,60.29,Healthcare,Drug Manufacturers - General,123695412841,Large,14087919,13403458,15987,63177,210240,ultra_liquid,0.4015,
BRBR,BellRing Brands Inc,Yes,0,17.39,Consumer Defensive,Packaged Foods,1991236500,Small,3930707,4085887,522,3817,7756,high,0.5221,
BRKR,Bruker Corp,No,0,36.68,Healthcare,Medical Devices,5860441125,Mid,2334713,2377397,275,2594,5883,high,1.8121,
BRO,Brown & Brown Inc,No,0,73.5,Financial Services,Insurance - Brokers,24891512081,Large,3193048,3786023,193,1680,3729,high,-0.2606,
BROS,Dutch Bros Inc,Yes,0,51.31,Consumer Cyclical,Restaurants,6925723733,Mid,4681948,6640653,7299,32158,38325,high,1.3899,
BSX,Boston Scientific Corp,Yes,8,71.35,Healthcare,Medical Devices,108308799433,Large,14380681,18249699,16464,46086,173367,ultra_liquid,-0.4128,
BSY,Bentley Systems Inc,No,0,39.79,Technology,Software - Application,11993539755,Large,2989794,3892349,52,360,400,high,0.7878,
BWA,BorgWarner Inc,Yes,3,51.8,Consumer Cyclical,Auto Parts,10917681536,Large,3461350,3682792,532,2629,6741,high,0.9231,
BX,Blackstone Inc,Yes,1,110.4,Financial Services,Asset Management,90496796805,Large,3946684,8788457,13078,40457,78256,high,1.8841,
BXP,BXP Inc,No,0,52.94,Real Estate,REIT - Office,8799157508,Mid,2343429,3308317,414,4622,8185,high,1.164,
BYD,Boyd Gaming Corp,Yes,0,80.13,Consumer Cyclical,"Gambling, Resorts & Casinos",6192625494,Mid,891981,994285,178,1041,3637,moderate,0.7884,
C,Citigroup Inc,Yes,7,106.53,Financial Services,Banks - Diversified,190588306030,Large,19151906,14590865,48470,89801,331982,ultra_liquid,2.1318,
CAG,Conagra Brands Inc,Yes,0,19.02,Consumer Defensive,Packaged Foods,8902455929,Mid,4839866,12909805,5259,15094,68334,high,-0.5702,
CAR,Avis Budget Group Inc,Yes,0,97.51,Industrials,Rental & Leasing Services,3423262522,Mid,675754,802841,1021,3190,37533,moderate,1.7045,
CARR,Carrier Global Corp,Yes,2,58.35,Industrials,Building Products & Equipment,50484970472,Large,7620928,7801374,3493,15478,49310,high,0.9249,
CART,Maplebear Inc,Yes,2,38.09,Consumer Cyclical,Internet Retail,8852228167,Mid,5139622,5622840,4569,41619,26599,high,0.4245,
CAT,Caterpillar Inc,Yes,1,680.9,Industrials,Farm & Heavy Construction Machinery,328530079378,Mega,2812215,3270072,20995,38590,70582,high,2.2294,
CAVA,Cava Group Inc,Yes,2,78.59,Consumer Cyclical,Restaurants,9236903208,Mid,3770971,3933530,11379,42745,54314,high,2.6205,
CC,The Chemours Co,No,0,16.41,Basic Materials,Specialty Chemicals,2513928909,Mid,3007488,3739875,2818,13110,23357,high,1.7282,
CCC,CCC Intelligent Solutions Holdings Inc,No,0,6.26,Technology,Software - Application,3739896529,Mid,11660678,15480348,55,420,503,ultra_liquid,,
CCI,Crown Castle Inc,No,0,90.43,Real Estate,REIT - Specialty,39294306987,Large,1784490,3915651,717,2602,11132,high,0.6985,
CCJ,Cameco Corporation Common Stock,Yes,11,109.68,Energy,Uranium,49849575609,Large,4113888,4465225,13009,36869,85268,high,2.3066,
CCL,Carnival Corp,Yes,9,25.79,Consumer Cyclical,Travel Services,37620390910,Large,20839997,22804354,38896,86678,312307,ultra_liquid,2.2834,
CDNS,Cadence Design Systems Inc,Yes,0,296.94,Technology,Software - Application,82718501824,Large,1813167,3042377,3078,16761,20855,high,2.275,
CDW,CDW Corp,Yes,1,123.42,Technology,Information Technology Services,16035192924,Large,1863723,1904674,931,7994,8790,high,0.922,
CE,Celanese Corp,Yes,0,49.32,Basic Materials,Chemicals,5758007128,Mid,838119,2632313,1333,7486,10325,moderate,1.178,
CEG,Constellation Energy Corp,Yes,3,319.06,Utilities,Utilities - Independent Power Producers,120206130543,Large,3559555,4063368,9916,27695,57069,high,2.0298,
CELH,Celsius Holdings Inc,Yes,5,42.92,Consumer Defensive,Beverages - Non-Alcoholic,11227281134,Large,1260068,5430623,17304,54598,83323,high,0.8499,
CF,CF Industries Holdings Inc,Yes,3,115.78,Basic Materials,Agricultural Inputs,17023431990,Large,2415429,2961693,4280,24963,28013,high,-0.1104,
CFG,Citizens Financial Group Inc,Yes,2,58.04,Financial Services,Banks - Regional,25303526937,Large,5345645,5422774,1586,16367,14912,high,1.4566,
CFLT,Confluent Inc,Yes,3,30.77,Technology,Software - Infrastructure,11011874185,Large,16290262,15328012,518,2900,34923,ultra_liquid,-0.2318,
CG,The Carlyle Group Inc,No,0,48.9,Financial Services,Asset Management,18466858000,Large,2055463,3721114,1017,3982,15915,high,2.3836,
CGNX,Cognex Corp,No,0,49.45,Technology,"Hardware, Equipment & Parts",8490873820,Mid,811066,2607105,863,5707,7837,moderate,-0.155,
CHD,Church & Dwight Co Inc,No,0,100.7,Consumer Defensive,Household & Personal Products,23636286906,Large,2439738,2259887,472,5853,2853,high,-0.3148,
CHTR,Charter Communications Inc,Yes,5,232.24,Communication Services,Telecom Services,29117658606,Large,1179184,2135992,4150,37231,32348,high,0.7339,
CIEN,Ciena Corp,Yes,3,294.17,Technology,Communication Equipment,42340012380,Large,1348274,3961109,6971,33213,21876,high,2.9129,
CL,Colgate-Palmolive Co,No,0,93.56,Consumer Defensive,Household & Personal Products,74279455754,Large,3998006,6924826,3725,18909,30899,high,-0.2968,
CLF,Cleveland-Cliffs Inc,Yes,3,9.83,Basic Materials,Steel,6091770529,Mid,11152116,19045792,27066,77564,145113,ultra_liquid,1.7917,
CMCSA,Comcast Corp,Yes,3,31.91,Communication Services,Telecom Services,113691933410,Large,21121234,31754683,18684,57966,159402,ultra_liquid,-0.0632,
CMG,Chipotle Mexican Grill Inc,Yes,7,35.37,Consumer Cyclical,Restaurants,48267796380,Large,395202,17671696,36758,125695,392048,moderate,0.8788,
CNC,Centene Corp,Yes,5,43.65,Healthcare,Healthcare Plans,21278931170,Large,6129074,6129857,5281,18083,62250,high,0.3227,
CNH,CNH Industrial NV,No,0,11.15,Industrials,Farm & Heavy Construction Machinery,14146790943,Large,12960125,13820799,543,2497,6344,ultra_liquid,0.8313,
CNM,Core & Main Inc,Yes,1,49.82,Industrials,Industrial - Distribution,9887595985,Mid,2224449,2123937,242,2013,2085,high,1.3673,
CNP,CenterPoint Energy Inc,No,0,43.61,Utilities,Utilities - Regulated Electric,28334626745,Large,5469923,6423805,507,2911,9776,high,-0.1945,
CNXC,Concentrix Corp,Yes,2,35.16,Technology,Information Technology Services,2116546726,Mid,207546,1387619,588,12490,7486,moderate,2.7376,
COF,Capital One Financial Corp,Yes,1,187.71,Financial Services,Credit Services,120822650572,Large,5101066,5796842,11160,29414,99022,high,1.9859,
COHR,Coherent Corp,Yes,7,235.72,Technology,"Hardware, Equipment & Parts",47596017767,Large,282658,6792554,11317,24264,37066,moderate,3.312,
COIN,Coinbase Global Inc,Yes,68,197.22,Financial Services,Financial - Data & Stock Exchanges,54322903014,Large,11157336,14655071,160093,489007,259681,ultra_liquid,4.0824,
COLD,Americold Realty Trust Inc,No,0,12.51,Real Estate,REIT - Industrial,3617971910,Mid,1935153,5194441,270,1409,8984,high,0.4425,
COO,The Cooper Companies Inc,No,0,76.55,Healthcare,Medical Instruments & Supplies,15646207858,Large,283142,1875076,461,3180,3899,moderate,0.8998,
COP,ConocoPhillips,Yes,3,117.07,Energy,Oil & Gas E&P,142793659736,Large,6380219,9027275,29906,417070,145500,high,0.1865,
COR,Cencora Inc,Yes,0,358.46,Healthcare,Medical Distribution,69890983428,Large,0,1275835,443,2694,5992,N/A,0.4225,
COTY,Coty Inc,Yes,0,2.37,Consumer Defensive,Household & Personal Products,2112015261,Mid,12141007,9407608,1335,23275,10329,ultra_liquid,-0.1919,
CPB,The Campbell's Co,No,0,25.8,Consumer Defensive,Packaged Foods,7468262837,Mid,7283570,7225189,3895,7447,33933,high,-0.5459,
CPNG,Coupang Inc,Yes,1,19.07,Consumer Cyclical,Internet Retail,35412070439,Large,24012997,29465496,16429,74380,126344,ultra_liquid,1.9003,
CPRI,Capri Holdings Ltd,Yes,0,17.95,Consumer Cyclical,Luxury Goods,2227135256,Mid,2536410,3730057,2001,10484,21566,high,1.9659,
CPRT,Copart Inc,No,0,37.74,Industrials,Specialty Business Services,36624984911,Large,1773737,10072337,1181,5644,18317,high,0.6691,
CRH,CRH PLC,Yes,6,106.41,Basic Materials,Construction Materials,74431289793,Large,3198750,4919767,2510,10747,47975,high,1.5054,
CRI,Carter's Inc,No,0,33.91,Consumer Cyclical,Apparel - Retail,1284422868,Small,1249196,1332221,233,1476,3149,high,1.1252,
CRM,Salesforce Inc,Yes,3,202.11,Technology,Software - Application,185882970000,Large,10995838,14165373,56092,149903,163993,ultra_liquid,1.1634,
CROX,Crocs Inc,Yes,0,86,Consumer Cyclical,Apparel - Footwear & Accessories,4183956210,Mid,1034406,1435446,1904,7815,19902,high,0.0278,
CRWD,CrowdStrike Holdings Inc,No,0,428.99,Technology,Software - Infrastructure,107434271190,Large,4114363,4700677,41510,103772,100293,high,1.8529,Keep
CSCO,Cisco Systems Inc,Yes,8,78.64,Technology,Communication Equipment,316030942290,Mega,21603281,26039843,55302,235618,380356,ultra_liquid,1.6861,
CSGP,CoStar Group Inc,Yes,2,48.38,Real Estate,Real Estate Services,20532090351,Large,277759,7244730,2099,19024,20880,moderate,1.0808,
CSX,CSX Corp,Yes,0,39.95,Industrials,Railroads,76520762278,Large,4150705,13491911,5749,24285,107649,high,0.6853,
CTRA,Coterra Energy Inc,Yes,3,31.03,Energy,Oil & Gas E&P,23651345072,Large,121146,10545385,1471,4981,39169,moderate,-0.3719,
CTSH,Cognizant Technology Solutions Corp,No,0,66.26,Technology,Information Technology Services,31468647336,Large,3156440,7969268,2990,11777,27836,high,1.324,
CTVA,Corteva Inc,No,0,76.96,Basic Materials,Agricultural Inputs,51508613160,Large,3249415,4292986,734,3333,10217,high,0.4946,
CUBE,CubeSmart,No,0,40.21,Real Estate,REIT - Industrial,9237735564,Mid,1092694,2403286,144,1809,3787,high,0.2939,
CVS,CVS Health Corp,Yes,7,77.92,Healthcare,Healthcare Plans,100110288547,Large,6967644,10104363,14289,47267,145894,high,-0.0567,
CVX,Chevron Corp,Yes,0,189.94,Energy,Oil & Gas Integrated,376233210656,Mega,10914037,11499271,93548,1526475,228720,ultra_liquid,0.1152,
CZR,Caesars Entertainment Inc,Yes,5,26.4,Consumer Cyclical,"Gambling, Resorts & Casinos",5411623948,Mid,2863411,7334420,8867,30655,67458,high,1.1767,
D,Dominion Energy Inc,No,0,63.24,Utilities,Utilities - Regulated Electric,55363494753,Large,3120395,6047613,3669,23827,53410,high,-0.3334,Keep
DAL,Delta Air Lines Inc,Yes,24,59.01,Industrials,Airlines,40043443707,Large,6866363,9441807,26117,85582,205133,high,2.1134,
DAR,Darling Ingredients Inc,Yes,1,52.91,Consumer Defensive,Packaged Foods,8415499562,Mid,1742554,2585810,1970,8490,21650,high,0.6516,
DASH,DoorDash Inc,Yes,7,179.17,Consumer Cyclical,Internet Retail,79708547064,Large,0,5977973,13072,57967,53918,N/A,1.4822,
DBX,Dropbox Inc,No,0,26.79,Technology,Software - Infrastructure,6144473179,Mid,5309946,4855956,1356,12161,11274,high,0.3331,
DD,DuPont de Nemours Inc,Yes,2,45.26,Basic Materials,Specialty Chemicals,19104922599,Large,6367445,4715916,1442,5459,18105,high,1.3494,
DDOG,Datadog Inc,Yes,13,125.75,Technology,Software - Application,43141209270,Large,2678724,6801573,19727,61559,111468,high,2.2619,
DE,Deere & Co,Yes,0,589.77,Industrials,Farm & Heavy Construction Machinery,159549670404,Large,1708832,1845847,6325,32327,23543,high,0.3764,
DECK,Deckers Outdoor Corp,Yes,3,104.25,Consumer Cyclical,Apparel - Footwear & Accessories,15270977880,Large,465539,2882607,5037,40148,34632,moderate,0.7665,
DELL,Dell Technologies Inc,Yes,7,146.48,Technology,Computer Hardware,97097280923,Large,2670774,8937843,30009,180147,164677,high,2.5034,
DG,Dollar General Corp,No,0,146.31,Consumer Defensive,Discount Stores,32258420545,Large,1923499,2719056,3378,6721,41063,high,0.4441,Keep
DHI,D.R. Horton Inc,Yes,3,147.26,Consumer Cyclical,Residential Construction,43420744842,Large,3721244,2799825,5390,30009,41298,high,0.2043,
DIA,State Street SPDR Dow Jones Industrial Average ETF Trust,No,0,475.23,N/A,N/A,0,,6196703,7117863,49597,111354,176126,high,0.9433,Keep
DINO,HF Sinclair Corp,Yes,0,56.23,Energy,Oil & Gas Refining & Marketing,10306218100,Large,0,3301529,2423,12960,12895,N/A,0.4506,
DIS,The Walt Disney Co,No,0,101.54,Communication Services,Entertainment,181421347940,Large,10332998,13062534,37005,148525,223049,ultra_liquid,0.8651,Keep
DKNG,DraftKings Inc,Yes,10,25.15,Consumer Cyclical,"Gambling, Resorts & Casinos",12551560662,Large,0,17886905,36025,82842,138068,N/A,1.1995,
DLTR,Dollar Tree Inc,Yes,0,115.79,Consumer Defensive,Discount Stores,23049072905,Large,2984377,2961739,2059,10898,41710,high,0.7037,
DNN,Denison Mines Corp Ordinary Shares (Canada),No,0,3.67,Energy,Uranium,3485169953,Mid,0,47300327,6741,41609,83297,N/A,2.3173,Keep
DOC,Healthpeak Properties Inc,No,0,17.28,Real Estate,REIT - Healthcare Facilities,12100715987,Large,3964811,9795499,1643,11673,25349,high,0.3055,
DOCS,Doximity Inc,Yes,3,25.34,Healthcare,Medical - Healthcare Information,4815362534,Mid,3701765,4359691,2184,10275,8766,high,-0.1309,
DOCU,Docusign Inc,No,0,48.69,Technology,Software - Application,9659154250,Mid,4426095,5408699,5676,14697,28814,high,0.9874,
DOW,Dow Inc,Yes,0,33.28,Basic Materials,Chemicals,24195248907,Large,4125570,14278741,26869,258807,166896,high,1.3045,
DRI,Darden Restaurants Inc,Yes,0,203.18,Consumer Cyclical,Restaurants,23742864536,Large,1487449,1270260,472,1544,10425,high,0.1895,
DT,Dynatrace Inc,Yes,0,39.28,Technology,Software - Application,11694426179,Large,2224664,7601134,1499,10632,10897,high,1.1798,
DUK,Duke Energy Corp,Yes,0,132.5,Utilities,Utilities - Regulated Electric,102347993690,Large,3460032,4747871,4605,67617,41859,high,-0.4241,
DV,DoubleVerify Holdings Inc,No,0,11.01,Communication Services,Advertising Agencies,1768908643,Small,0,3028524,89,1740,561,N/A,0.8854,
DVN,Devon Energy Corp,Yes,7,44.48,Energy,Oil & Gas E&P,27614167526,Large,6271049,11973232,13919,39105,131746,high,-0.1301,
DXC,DXC Technology Co,Yes,0,12.95,Technology,Information Technology Services,2239133911,Mid,3677792,2866971,1000,20298,19496,high,1.5644,
DXCM,DexCom Inc,Yes,4,68.1,Healthcare,Medical Devices,27206095680,Large,5230444,4974014,1686,6833,28136,high,1.0082,
EBAY,eBay Inc,Yes,3,92.71,Consumer Cyclical,Internet Retail,41681920000,Large,10713289,5905410,12557,109079,60436,ultra_liquid,1.0332,
EFX,Equifax Inc,Yes,3,207.83,Industrials,Consulting Services,24881457186,Large,1768499,2025652,437,3691,2404,high,1.4344,
EIX,Edison International,Yes,0,71.76,Utilities,Utilities - Regulated Electric,27404809820,Large,1895214,3456254,1222,7962,14976,high,0.1029,
EL,The Estee Lauder Companies Inc,Yes,0,92.72,Consumer Defensive,Household & Personal Products,34678771612,Large,1758380,4557132,3732,20575,24606,high,1.7805,
ELAN,Elanco Animal Health Inc,No,0,23.36,Healthcare,Drug Manufacturers - Specialty,11892260401,Large,5052939,4376091,963,6153,17769,high,1.4514,
ELF,e.l.f. Beauty Inc,No,0,82.44,Consumer Defensive,Household & Personal Products,4874171807,Mid,836111,2323312,5556,16485,26799,moderate,1.7279,
ELV,Elevance Health Inc,Yes,0,289.64,Healthcare,Healthcare Plans,63227473002,Large,0,2230251,862,2815,13434,N/A,0.7018,
EMN,Eastman Chemical Co,Yes,0,70.33,Basic Materials,Specialty Chemicals,8231877524,Mid,1120668,1769128,1189,4096,21739,high,1.183,
EMR,Emerson Electric Co,Yes,0,138.36,Industrials,Specialty Industrial Machinery,79927640000,Large,3237639,3909204,2625,9327,23217,high,1.8772,
ENOV,Enovis Corp,No,0,24.51,Healthcare,Medical Devices,1392201585,Small,1084220,1174677,41,563,329,high,1.2584,
ENPH,Enphase Energy Inc,Yes,5,40.23,Technology,Solar,5394716401,Mid,6329055,7989573,20307,68974,92198,high,2.1096,
ENTG,Entegris Inc,Yes,2,112.44,Technology,Semiconductor Equipment & Materials,18923702000,Large,3029059,3150278,2911,16428,18038,high,2.8789,
EOG,EOG Resources Inc,Yes,1,131.41,Energy,Oil & Gas E&P,70296480327,Large,4797399,5780269,5050,11682,45450,high,-0.1264,
EQH,Equitable Holdings Inc,No,0,39.26,Financial Services,Asset Management,11152237114,Large,3234820,3329186,81,1048,566,high,1.9142,
EQR,Equity Residential,No,0,62.72,Real Estate,REIT - Residential,23826997985,Large,2601597,2888746,148,455,3501,high,0.3598,
EQT,EQT Corp,Yes,12,61.96,Energy,Oil & Gas E&P,38498977580,Large,9890190,9533744,17984,50033,203876,high,0.1386,
ES,Eversource Energy,No,0,74.44,Utilities,Utilities - Regulated Electric,27737934654,Large,1883912,2767001,497,2656,8111,high,-0.3511,
ET,Energy Transfer LP,No,0,18.74,Energy,Oil & Gas Midstream,64230673115,Large,18444582,15954608,45347,490837,263472,ultra_liquid,0.0566,Keep
ETN,Eaton Corp PLC,Yes,3,347.75,Industrials,Specialty Industrial Machinery,137800436000,Large,2593930,3034420,7715,66391,47014,high,1.6556,
ETSY,Etsy Inc,Yes,6,56.4,Consumer Cyclical,Internet Retail,5450477803,Mid,2606949,4404718,7446,28159,54926,high,1.3632,
EVRG,Evergy Inc,No,0,83.36,Utilities,Utilities - Regulated Electric,19092646295,Large,2590475,2295928,164,1373,3042,high,-0.3191,
EW,Edwards Lifesciences Corp,Yes,1,81.64,Healthcare,Medical Devices,48723312000,Large,1358013,4917268,1835,15171,25223,high,0.7837,
EXC,Exelon Corp,No,0,49.36,Utilities,Utilities - Regulated Electric,49886471370,Large,8019927,9699270,2471,19678,31994,high,-0.6149,
EXE,Expand Energy Corp,Yes,1,106.84,Energy,Oil & Gas E&P,25643282394,Large,3589097,3794466,3314,19241,79038,high,-0.3468,
EXEL,Exelixis Inc,Yes,2,41.55,Healthcare,Biotechnology,10723371768,Large,2780781,3047507,666,2913,6712,high,0.8692,
EXPE,Expedia Group Inc,No,0,249.62,Consumer Cyclical,Travel Services,30822421954,Large,2488737,3649972,6385,20946,26786,high,1.9252,Keep
F,Ford Motor Co,Yes,2,12.15,Consumer Cyclical,Auto - Manufacturers,49230124275,Large,69300878,73981490,96187,355723,633579,ultra_liquid,1.1995,
FAF,First American Financial Corp,No,0,67.6,Financial Services,Insurance - Specialty,7034157000,Mid,695325,1075051,33,648,1137,moderate,0.1635,
FANG,Diamondback Energy Inc,Yes,1,180.54,Energy,Oil & Gas E&P,50953872328,Large,2184454,2631210,2991,11660,31243,high,-0.0363,
FAST,Fastenal Co,No,0,46.46,Industrials,Industrial - Distribution,54308876633,Large,3780754,8466023,2836,17014,45480,high,0.7777,
FBIN,Fortune Brands Innovations Inc,Yes,0,45.68,Industrials,Building Products & Equipment,5784639655,Mid,0,3058991,205,2135,1987,N/A,0.818,
FCX,Freeport-McMoRan Inc,Yes,44,59.36,Basic Materials,Copper,90055052631,Large,19618861,21633404,48949,159257,357263,ultra_liquid,1.7356,
FDX,FedEx Corp,Yes,0,359.1,Industrials,Integrated Freight & Logistics,87783103353,Large,1862272,1951917,6622,22233,34542,high,0.7286,
FE,FirstEnergy Corp,Yes,1,50.84,Utilities,Utilities - Regulated Electric,29081582471,Large,3229588,4997025,1170,11589,28898,high,-0.1423,
FFIV,F5 Inc,Yes,1,286.22,Technology,Software - Infrastructure,16032256979,Large,724806,877068,510,4679,6295,moderate,1.8026,
FHN,First Horizon Corp,Yes,7,22.81,Financial Services,Banks - Regional,11316278065,Large,6440831,6497221,12576,307147,237665,high,1.0229,
FIS,Fidelity National Information Services Inc,Yes,0,51.49,Technology,Information Technology Services,26018538539,Large,4232921,5949881,2029,11206,11692,high,1.3386,
FISV,Fiserv Inc,Yes,2,63.1,Technology,Information Technology Services,34150891916,Large,9919949,8679718,11275,42909,102702,high,,
FITB,Fifth Third Bancorp,No,0,47.3,Financial Services,Banks - Regional,43909568181,Large,11327051,14583859,1353,9103,41595,ultra_liquid,1.0268,
FIVE,Five Below Inc,Yes,0,215.28,Consumer Cyclical,Specialty Retail,12225567890,Large,1470446,913005,368,1057,10027,high,1.2176,
FIVN,Five9 Inc,Yes,0,18.09,Technology,Software - Infrastructure,1394516246,Small,2318014,2993340,800,6869,23210,high,2.0045,
FLO,Flowers Foods Inc,No,0,9.1,Consumer Defensive,Packaged Foods,1952646392,Small,4594163,5414226,593,1986,7244,high,-0.2224,
FLR,Fluor Corp,Yes,4,45.08,Industrials,Engineering & Construction,6768356599,Mid,2887981,2958815,2803,9319,53298,high,2.3003,
FLS,Flowserve Corp,No,0,76.23,Industrials,Specialty Industrial Machinery,10355172970,Large,1376482,1629686,303,1954,2824,high,1.6843,
FMC,FMC Corp,No,0,14.04,Basic Materials,Agricultural Inputs,1785307660,Small,4392111,4514845,2418,18569,25173,high,2.2741,
FNB,F N B Corp,Yes,0,16.38,Financial Services,Banks - Regional,6039874387,Mid,6230769,7204870,14,163,659,high,1.0615,
FND,Floor & Decor Holdings Inc,Yes,0,60.11,Consumer Cyclical,Home Improvement,6758388171,Mid,970849,2431125,1395,13979,31617,moderate,1.6259,
FOUR,Shift4 Payments Inc,Yes,1,47.87,Technology,Software - Infrastructure,3372091996,Mid,2247696,2842575,1522,8594,22676,high,1.5533,
FOX,Fox Corporation - Class B Common Stock,No,0,54.31,Communication Services,Entertainment,23800291285,Large,1590968,1845697,10,80,222,high,0.7281,
FOXA,Fox Corp,No,0,59.78,N/A,N/A,23800291285,Large,4150910,4591716,470,3580,7552,high,0.7463,
FRPT,Freshpet Inc,No,0,82.64,Consumer Defensive,Packaged Foods,4179671480,Mid,352145,1440548,241,1990,3034,moderate,0.0756,
FSLR,First Solar Inc,Yes,3,189.21,Technology,Solar,20582248649,Large,1608063,2787158,11335,35333,70995,high,0.5804,
FTI,TechnipFMC PLC,No,0,63.02,Energy,Oil & Gas Equipment & Services,25778895289,Large,12628091,4187679,257,2458,2703,ultra_liquid,0.9994,
FTNT,Fortinet Inc,Yes,1,83.67,Technology,Software - Infrastructure,62464348876,Large,1210188,7391301,11493,29559,71733,high,1.2384,
FTV,Fortive Corp,No,0,57.39,Technology,"Hardware, Equipment & Parts",17865068795,Large,1745525,4516931,492,6400,5257,high,0.7657,
G,Genpact Ltd,No,0,41.7,Technology,Information Technology Services,7099832844,Mid,1099693,2668546,90,360,2174,high,1.5399,
GAP,Gap Inc,Yes,4,23.28,Consumer Cyclical,Apparel - Retail,10116271328,Large,7300292,7281181,8094,25455,63871,high,1.3705,
GDDY,GoDaddy Inc,Yes,0,93.95,Technology,Software - Infrastructure,12419268916,Large,1550019,2533098,1145,7889,5757,high,0.2002,
GE,GE Aerospace,Yes,6,323.11,Industrials,Aerospace & Defense,342951562987,Mega,58479404,5596174,12451,30486,84409,ultra_liquid,1.2702,
GEHC,GE HealthCare Technologies Inc,No,0,74.27,Healthcare,Medical Devices,35142864533,Large,3297729,3376321,980,4061,15295,high,0.9024,
GEN,Gen Digital Inc,No,0,22.61,Technology,Software - Infrastructure,13681944654,Large,4270603,7164914,543,4692,10732,high,1.531,
GEV,GE Vernova Inc,Yes,2,789.23,Industrials,Specialty Industrial Machinery,219669208454,Mega,3148382,2927893,17128,46638,72333,high,2.0314,
GFS,GLOBALFOUNDRIES Inc,Yes,4,46.88,Technology,Semiconductors,26866089030,Large,0,3748147,3848,18425,47305,N/A,1.3483,
GILD,Gilead Sciences Inc,Yes,4,143.93,Healthcare,Drug Manufacturers - General,180179775433,Large,7773738,8023538,6960,17625,57590,high,0.5999,
GIS,General Mills Inc,No,0,44.29,Consumer Defensive,Packaged Foods,23248171269,Large,7928684,7688560,4719,24587,55684,high,-0.7337,Keep
GLW,Corning Inc,Yes,6,123.29,Technology,Electronic Components,115599928206,Large,5668696,13434489,30973,64019,87849,high,2.5972,
GM,General Motors Co,Yes,17,75.21,Consumer Cyclical,Auto - Manufacturers,68882350398,Large,8815586,8861980,18205,45756,138307,high,1.4401,
GME,GameStop Corp,Yes,1,24.37,Consumer Cyclical,Specialty Retail,10698466382,Large,7384225,8729258,144288,370349,354680,high,0.6935,
GMED,Globus Medical Inc,Yes,2,87.1,Healthcare,Medical Devices,14079528284,Large,469477,1188329,462,3713,9211,moderate,0.7181,
GNRC,Generac Holdings Inc,Yes,1,204.02,Industrials,Specialty Industrial Machinery,12838857705,Large,954482,1307016,2082,8522,16956,moderate,1.8908,
GNTX,Gentex Corp,No,0,22.08,Consumer Cyclical,Auto Parts,4846553167,Mid,1516501,2314305,28,180,840,high,0.5856,
GO,Grocery Outlet Holding Corp,Yes,0,6.59,Consumer Defensive,Grocery Stores,622190038,Small,840825,3184987,316,2265,6993,moderate,1.0732,
GOOG,Alphabet Inc. - Class C Capital Stock,Yes,40,298.3,Communication Services,Internet Content & Information,3639908500000,Mega,21762058,23674969,215401,614205,596164,ultra_liquid,0.8515,
GOOGL,Alphabet Inc,Yes,40,298.52,N/A,N/A,3639908500000,Mega,1699742,38099510,377504,813666,799088,high,0.837,
GPC,Genuine Parts Co,Yes,2,115.52,Consumer Cyclical,Auto Parts,16116925067,Large,1295313,1502405,581,4041,5956,high,0.7225,
GPK,Graphic Packaging Holding Co,No,0,11.22,Consumer Cyclical,Packaging & Containers,3281823904,Mid,2967775,7486625,712,5678,10921,high,1.3801,
GPN,Global Payments Inc,No,0,76.4,Industrials,Specialty Business Services,21913474890,Large,3524423,4040178,2152,13767,25505,high,1.4046,
GRAL,GRAIL Inc,Yes,1,50.23,Healthcare,Diagnostics & Research,2089164448,Mid,1243595,1710058,1036,8070,5922,high,1.7305,
GTES,Gates Industrial Corp PLC,Yes,2,23.98,Industrials,Specialty Industrial Machinery,6458088982,Mid,881375,2791361,1924,14265,13437,moderate,0.8903,
GTLB,GitLab Inc,Yes,1,24.91,Technology,Software - Infrastructure,4272308000,Mid,5413804,6773462,3794,27734,23942,high,1.8163,
GTM,ZoomInfo Technologies Inc,Yes,1,6.56,Technology,Software - Application,2008838757,Mid,7919107,11112513,2268,11262,12232,high,1.8532,
GXO,GXO Logistics Inc,Yes,2,55.76,Industrials,Integrated Freight & Logistics,6778425383,Mid,1260597,1569675,1150,10102,11726,high,1.475,
HAL,Halliburton Co,Yes,8,34.05,Energy,Oil & Gas Equipment & Services,28610651465,Large,12067218,13159122,14566,29361,149251,ultra_liquid,0.8795,
HAS,Hasbro Inc,Yes,0,94.49,Consumer Cyclical,Leisure,13417200740,Large,1207446,2085913,2310,40644,9689,high,0.9541,
HAYW,Hayward Holdings Inc,No,0,14.87,Industrials,Electrical Equipment & Parts,3336309642,Mid,0,2183183,490,6036,11062,N/A,0.9308,
HBAN,Huntington Bancshares Inc,No,0,16.31,Financial Services,Banks - Regional,33856937081,Large,9307542,38345018,3647,11095,34736,high,0.8711,
HD,The Home Depot Inc,Yes,2,357.92,Consumer Cyclical,Home Improvement,360056593894,Mega,4727585,4068730,14983,41214,118829,high,0.4357,
HLT,Hilton Worldwide Holdings Inc,Yes,0,298.64,Consumer Cyclical,Travel Lodging,70475070786,Large,1882112,2152496,969,2748,13015,high,0.5262,
HOG,Harley-Davidson Inc,Yes,1,19.21,Consumer Cyclical,Auto - Recreational Vehicles,2254146746,Mid,1624766,3911406,3626,11915,28166,high,1.042,
HOLX,Hologic Inc,No,0,75.74,Healthcare,Medical Instruments & Supplies,16904104206,Large,1936760,2702990,202,2103,10307,high,0.0215,
HOOD,Robinhood Markets Inc,Yes,38,77.09,Financial Services,Financial - Capital Markets,72528843898,Large,0,34926006,226786,381414,397847,N/A,3.4912,
HPE,Hewlett Packard Enterprise Co,Yes,11,21.13,Technology,Communication Equipment,28529517292,Large,8496386,16445240,15754,117205,127946,high,1.8681,
HPQ,HP Inc,Yes,5,19.46,Technology,Computer Hardware,17687400848,Large,11198200,20658468,24207,110664,132082,ultra_liquid,0.918,
HRB,H&R Block Inc,No,0,32.26,Consumer Cyclical,Personal Products & Services,4014480902,Mid,3420473,3054431,783,4061,3831,high,1.0599,
HRL,Hormel Foods Corp,No,0,24.42,Consumer Defensive,Packaged Foods,13311374967,Large,2372408,4868180,2713,10758,26987,high,-0.0944,
HSIC,Henry Schein Inc,No,0,77.6,Healthcare,Medical Distribution,9195829380,Mid,1149367,1503567,346,2535,2879,high,0.9142,
HST,Host Hotels & Resorts Inc,No,0,19.23,Real Estate,REIT - Hotel & Motel,13728531532,Large,7857632,9686484,242,2087,8129,high,0.9581,
HUM,Humana Inc,Yes,1,179.15,Healthcare,Healthcare Plans,21797721035,Large,976256,2751706,6218,27406,26283,moderate,-0.0426,
HUN,Huntsman Corp,Yes,8,11.44,Basic Materials,Chemicals,2180575376,Mid,1843235,7266349,9300,68100,61176,high,1.4346,
IAC,IAC Inc,No,0,37.87,Communication Services,Internet Content & Information,2979799064,Mid,1110287,1271954,172,2111,5984,high,1.3088,
IBM,International Business Machines Corp,Yes,11,258.85,Technology,Information Technology Services,240652726346,Mega,4762302,7023151,47153,270964,131660,high,1.8813,
IFF,International Flavors & Fragrances Inc,Yes,0,73.77,Basic Materials,Specialty Chemicals,19304545049,Large,1293361,1879850,210,1508,6552,high,-0.0895,
INCY,Incyte Corp,No,0,95.94,Healthcare,Biotechnology,19366099632,Large,1555409,1840329,432,1665,7863,high,1.2048,
INSP,Inspire Medical Systems Inc,Yes,0,62.99,Healthcare,Medical Devices,1785687115,Small,1575243,1461432,113,921,1073,high,0.7018,
INTC,Intel Corp,Yes,80,43.42,Technology,Semiconductors,229520250000,Mega,21950694,104017911,333638,1018116,1162070,ultra_liquid,1.9588,
INVH,Invitation Homes Inc,No,0,26.21,Real Estate,REIT - Residential,16099980577,Large,3650813,6900231,698,5832,17519,high,0.023,
IP,International Paper Co,Yes,1,39.53,Consumer Cyclical,Packaging & Containers,21813262875,Large,2795288,8083640,3356,16076,41519,high,1.164,
IR,Ingersoll Rand Inc,No,0,86.43,Industrials,Specialty Industrial Machinery,35445344636,Large,2103678,4644646,437,3771,6225,high,1.358,
IRDM,Iridium Communications Inc,No,0,24.01,Communication Services,Telecom Services,2513714378,Mid,2552560,2337217,879,3283,9934,high,0.493,
ISRG,Intuitive Surgical Inc,Yes,1,490.16,Healthcare,Medical Instruments & Supplies,176393188717,Large,652534,2048297,4011,14146,44651,moderate,1.1745,
IVES,Dan IVES Wedbush AI Revolution ETF,No,0,29.9,N/A,N/A,0,,726872,696820,166,1275,5229,moderate,1.9878,Keep
IVZ,Invesco Ltd,No,0,23.67,Financial Services,Asset Management,10972052505,Large,4764106,6374618,2354,45613,32684,high,2.1744,Keep
IWM,iShares Russell 2000 ETF,Yes,0,250.89,N/A,N/A,0,,38672593,42608053,1896014,2682197,4250418,ultra_liquid,1.2462,
JBL,Jabil Inc,Yes,3,241.09,Technology,Electronic Components,26632182290,Large,1372178,1083410,1812,11901,22838,high,1.9213,
JBLU,JetBlue Airways Corp,No,0,4.49,Industrials,Airlines,1684044489,Small,5213387,19673638,19565,54477,103191,high,1.5899,Keep
JCI,Johnson Controls International PLC,Yes,2,132.4,Industrials,Building Products & Equipment,83963242139,Large,5073963,5222946,3844,25907,47770,high,0.6623,
JEF,Jefferies Financial Group Inc,Yes,1,38.29,Financial Services,Financial - Capital Markets,9145977764,Mid,1588979,3060500,970,5907,12902,high,2.476,
JETS,U.S. Global Jets ETF,No,0,25.35,N/A,N/A,0,,4038435,4482116,14296,83183,122130,high,1.4745,Keep
JHG,Janus Henderson Group PLC,No,0,51.36,Financial Services,Asset Management,7933353055,Mid,1107136,2641618,179,3106,1924,high,0.2794,
JNJ,Johnson & Johnson,Yes,10,240.4,Healthcare,Drug Manufacturers - General,577484082033,Mega,6695900,9015531,19486,140432,128845,high,-0.1572,
JPM,JPMorgan Chase & Co,Yes,0,289.48,Financial Services,Banks - Diversified,791713853681,Mega,10767333,10784121,52648,93750,266947,ultra_liquid,1.3318,
KBR,KBR Inc,No,0,40,Industrials,Engineering & Construction,5075086158,Mid,1315506,1443806,73,387,1611,high,1.007,
KD,Kyndryl Holdings Inc,Yes,0,13.19,Technology,Information Technology Services,3045791563,Mid,1707263,7812512,2770,14402,14710,high,1.0439,
KDP,Keurig Dr Pepper Inc,Yes,7,28.25,Consumer Defensive,Beverages - Non-Alcoholic,38110582954,Large,2516344,10740793,3928,48830,62806,high,-0.0238,
KEY,KeyCorp,Yes,3,19.86,Financial Services,Banks - Regional,22196118189,Large,8774618,16699988,3096,17280,38228,high,1.0864,
KHC,The Kraft Heinz Co,Yes,0,24.54,Consumer Defensive,Packaged Foods,28682135316,Large,7539209,16510876,28817,145264,152239,high,-0.3826,
KKR,KKR & Co Inc,Yes,2,91.33,Financial Services,Asset Management,85213881767,Large,3003326,9702094,5017,15578,43836,high,2.7219,
KMB,Kimberly-Clark Corp,Yes,4,104.58,Consumer Defensive,Household & Personal Products,34821975941,Large,1431837,5927610,7624,19239,125400,high,-0.4448,
KMI,Kinder Morgan Inc,Yes,0,33.58,Energy,Oil & Gas Midstream,74286285595,Large,13551273,14418041,21961,153639,145821,ultra_liquid,-0.052,
KMX,CarMax Inc,Yes,3,42.19,Consumer Cyclical,Auto - Dealerships,5962548754,Mid,1292874,3176482,3350,34339,47305,high,1.6467,
KNX,Knight-Swift Transportation Holdings Inc,Yes,0,56.87,Industrials,Trucking,9904302390,Mid,1724245,3146638,1086,7781,16064,high,1.261,
KO,Coca-Cola Co,Yes,4,77.04,Consumer Defensive,Beverages - Non-Alcoholic,331284698005,Mega,11935646,19841666,44372,100795,312314,ultra_liquid,-0.4122,
KR,The Kroger Co,Yes,0,74.11,Consumer Defensive,Grocery Stores,45293014381,Large,6248902,7003391,10531,43601,56958,high,-0.6536,
KSS,Kohl's Corp,Yes,1,15.12,Consumer Cyclical,Department Stores,1758004622,Small,3333732,3753007,6545,13512,35703,high,0.7329,
KVUE,Kenvue Inc,Yes,18,18.39,Consumer Defensive,Household & Personal Products,34980360642,Large,0,50191997,13858,56501,229067,N/A,-0.2728,
LAZ,Lazard Inc,No,0,44.64,Financial Services,Financial - Capital Markets,4347934844,Mid,829907,1212645,343,2671,4609,moderate,1.6456,
LCID,Lucid Group Inc,Yes,10,9.77,Consumer Cyclical,Auto - Manufacturers,3224412951,Mid,7598672,7077455,15910,72317,126711,high,3.4634,
LEG,Leggett & Platt Inc,No,0,10.63,Consumer Cyclical,"Furnishings, Fixtures & Appliances",1498729861,Small,1202002,1778110,647,9592,7767,high,1.3193,
LINE,Lineage Inc,No,0,39.5,Real Estate,REIT - Industrial,9194482399,Mid,0,1621673,99,784,2428,N/A,1.3169,
LKQ,LKQ Corp,No,0,31.47,Consumer Cyclical,Auto Parts,8026461119,Mid,1889035,2400933,349,2176,11846,high,0.9025,
LMT,Lockheed Martin Corp,Yes,1,671.77,Industrials,Aerospace & Defense,150702557200,Large,1130597,1753831,9608,73223,38230,high,0.5643,
LNC,Lincoln National Corp,Yes,0,34.04,Financial Services,Insurance - Life,6677875962,Mid,1506655,2449472,1264,10098,11658,high,1.5126,
LOAR,Loar Holdings Inc,No,0,69.46,Industrials,Aerospace & Defense,6783884248,Mid,831336,1062988,72,1517,809,moderate,1.2242,
LOW,Lowe's Companies Inc,Yes,1,251.89,Consumer Cyclical,Home Improvement,142879945612,Large,3630717,2841129,5774,23008,53079,high,0.5536,
LPX,Louisiana-Pacific Corp,No,0,77.7,Industrials,Building Products & Equipment,5618549397,Mid,1244187,1259329,128,589,1521,high,0.6181,
LRCX,Lam Research Corp,Yes,9,199.33,Technology,Semiconductor Equipment & Materials,268086158280,Mega,1724802,11409902,31448,67498,145575,high,3.2023,
LSCC,Lattice Semiconductor Corp,Yes,0,85.49,Technology,Semiconductors,12462590955,Large,1762392,2182591,1269,12578,9732,high,2.4329,
LULU,Lululemon Athletica Inc,Yes,12,170.13,Consumer Cyclical,Apparel - Retail,20315934884,Large,1785200,2266567,15829,39558,98454,high,1.3241,
LUV,Southwest Airlines Co,Yes,20,41.56,Industrials,Airlines,21568859761,Large,4196229,11371736,20621,80680,137354,high,0.9548,
LVS,Las Vegas Sands Corp,Yes,2,53.6,Consumer Cyclical,"Gambling, Resorts & Casinos",37049157266,Large,5734038,5752177,9996,38187,101046,high,0.6329,
LW,Lamb Weston Holdings Inc,Yes,0,46.03,Consumer Defensive,Packaged Foods,6339866704,Mid,943149,2369782,1692,10874,26968,moderate,-0.6211,
LYB,LyondellBasell Industries NV,Yes,3,67.11,Basic Materials,Specialty Chemicals,21224558150,Large,2120955,7749727,4295,20759,43362,high,1.0852,
LYFT,Lyft Inc,Yes,10,13.25,Technology,Software - Application,5255020333,Mid,7150478,19259816,20869,78033,119511,high,1.5864,
M,Macy's Inc,Yes,2,18.27,Consumer Cyclical,Department Stores,5102296861,Mid,19709037,7011467,8114,18592,79870,ultra_liquid,1.1469,
MAN,ManpowerGroup Inc,No,0,29.1,Industrials,Staffing & Employment Services,1332243840,Small,1277991,1673528,76,813,1575,high,0.4717,
MAR,Marriott International Inc,Yes,0,323.8,Consumer Cyclical,Travel Lodging,88250455864,Large,1668119,1774423,1918,9380,26109,high,0.6718,
MAS,Masco Corp,No,0,63.66,Industrials,Building Products & Equipment,13295542650,Large,2593248,2836842,535,3038,4375,high,0.707,
MAT,Mattel Inc,Yes,0,15.9,Consumer Cyclical,Leisure,4841244000,Mid,5182779,6871818,2776,19261,11396,high,0.746,
MCHP,Microchip Technology Inc,Yes,2,64.77,Technology,Semiconductors,36694395406,Large,2173285,9530691,5982,18484,57961,high,1.2866,
MDB,MongoDB Inc,Yes,1,270.47,Technology,Software - Infrastructure,21481727216,Large,1293025,2321247,13032,28431,47427,high,2.8712,
MDLZ,Mondelez International Inc,No,0,58.4,Consumer Defensive,Food Confectioners,74577781022,Large,8196286,11059845,2408,20796,35422,high,-0.3105,
MDT,Medtronic PLC,Yes,1,90.9,Healthcare,Medical Devices,119414140501,Large,7688564,8845479,7240,27314,97082,high,-0.1484,
MET,MetLife Inc,Yes,1,71.83,Financial Services,Insurance - Life,47560809058,Large,3831643,4334959,1093,4378,30728,high,1.0858,
META,Meta Platforms Inc,Yes,34,644.86,Communication Services,Internet Content & Information,1670948452854,Mega,3035629,15871476,442556,1081362,677242,high,1.1335,
MGM,MGM Resorts International,Yes,1,35.57,Consumer Cyclical,"Gambling, Resorts & Casinos",9498912910,Mid,4677611,5106957,4300,12470,40366,high,1.6034,
MHK,Mohawk Industries Inc,Yes,1,107.37,Consumer Cyclical,"Furnishings, Fixtures & Appliances",6680740914,Mid,1056682,870007,625,2119,6332,high,0.9738,
MKC,McCormick & Co Inc,No,0,64.85,Consumer Defensive,Packaged Foods,17520255585,Large,3621395,3596601,887,6294,17860,high,-0.6776,
MMM,3M Co,Yes,0,153.41,Industrials,Conglomerates,82275807000,Large,3629780,4196917,6462,37831,68968,high,0.9037,
MNST,Monster Beverage Corp,No,0,75.61,Consumer Defensive,Beverages - Non-Alcoholic,75033365297,Large,2846540,6798245,2730,13379,21577,high,-0.0918,
MO,Altria Group Inc,No,0,66.51,Consumer Defensive,Tobacco,112145839533,Large,8656326,10079442,18343,46110,129218,high,-0.2728,Keep
MOH,Molina Healthcare Inc,Yes,0,144.47,Healthcare,Healthcare Plans,7607065000,Mid,1704748,2065932,1081,5252,7222,high,-1.8134,
MOS,The Mosaic Co,Yes,0,26.31,Basic Materials,Agricultural Inputs,8344038180,Mid,7265507,6764916,6971,20940,57737,high,-0.0282,
MP,MP Materials Corp,Yes,9,58.23,Basic Materials,Rare Earth Materials,10389992476,Large,0,7385046,19805,45334,117809,N/A,1.8478,
MPT,Medical Properties Trust Inc,No,0,5.47,Real Estate,REIT - Healthcare Facilities,3308250000,Mid,6597664,6731326,16716,93820,120938,high,,Keep
MRK,Merck & Co Inc,Yes,11,115.79,Healthcare,Drug Manufacturers - General,286970539788,Mega,13270999,12729414,20602,57005,191886,ultra_liquid,0.1272,
MRNA,Moderna Inc,Yes,23,52.52,Healthcare,Biotechnology,21259589193,Large,6732670,11443878,58558,181946,237194,high,2.1066,
MRP,Millrose Properties Inc,No,0,29.77,Real Estate,REIT - Residential,5089667217,Mid,0,1455324,159,920,5434,N/A,0.807,
MRVL,Marvell Technology Inc,Yes,47,89.57,Technology,Semiconductors,66102681166,Large,11448574,16728697,61297,495192,277100,ultra_liquid,2.3627,
MS,Morgan Stanley,Yes,3,160.27,Financial Services,Financial - Capital Markets,258106676485,Mega,11134043,7847779,12349,31584,101684,ultra_liquid,2.0086,
MSFT,Microsoft Corp,Yes,32,408.96,Technology,Software - Infrastructure,3049557348931,Mega,29453247,43345016,649721,1448907,989068,ultra_liquid,0.932,
MSTR,Strategy Inc,Yes,106,133.53,Technology,Software - Application,46661966104,Large,869231,24104503,354084,822368,651622,moderate,4.5469,
MTCH,Match Group Inc,Yes,0,30.47,Communication Services,Internet Content & Information,7279445685,Mid,2187650,4645440,1718,6170,20407,high,1.0973,
MTN,Vail Resorts Inc,Yes,3,138.76,Consumer Cyclical,"Gambling, Resorts & Casinos",5017524393,Mid,952030,784802,369,932,6626,moderate,-0.1782,
MU,Micron Technology Inc,Yes,96,370.3,Technology,Semiconductors,446883452080,Mega,24433828,35807328,357009,679366,547788,ultra_liquid,3.0544,
NCLH,Norwegian Cruise Line Holdings Ltd,Yes,8,20.05,Consumer Cyclical,Travel Services,9523986669,Mid,20636329,24222431,34425,139595,244861,ultra_liquid,2.238,
NCNO,Ncino Inc,No,0,16.82,Technology,Software - Application,1929001161,Small,2145091,2622513,169,1653,1428,high,1.7917,
NDAQ,Nasdaq Inc,No,0,88.43,Financial Services,Financial - Data & Stock Exchanges,50176539169,Large,4654351,5717638,2738,12328,17618,high,1.4063,
NEE,NextEra Energy Inc,No,0,91.02,Utilities,Utilities - Regulated Electric,189871356579,Large,9983045,10676450,15863,167277,135471,high,0.1188,Keep
NEM,Newmont Corp,Yes,3,116.29,Basic Materials,Gold,126291317271,Large,7227814,10486124,22847,43643,140742,high,1.6312,
NET,Cloudflare Inc,Yes,1,195.19,Technology,Software - Infrastructure,67689331107,Large,1563271,5986916,16249,60646,61605,high,2.083,
NI,NiSource Inc,No,0,46.46,Utilities,Utilities - Regulated Gas,22510200363,Large,3337629,4562028,275,2155,3381,high,0.2414,
NKE,Nike Inc,Yes,21,57.01,Consumer Cyclical,Apparel - Footwear & Accessories,85891844984,Large,6153813,15020671,66921,235206,386253,high,0.664,
NLR,VanEck Uranium and Nuclear ETF,No,0,136.01,N/A,N/A,0,,629023,670128,391,2474,5863,moderate,2.343,Keep
NLY,Annaly Capital Management Inc,No,0,22.41,Real Estate,REIT - Mortgage,16501348838,Large,10820689,7776628,9534,25280,73974,ultra_liquid,0.3297,Keep
NNE,Nano Nuclear Energy Inc,Yes,1,23.54,Industrials,Specialty Industrial Machinery,1332808934,Small,1882931,1677099,3228,8147,25556,high,3.7767,
NNN,NNN REIT Inc,No,0,45.12,Real Estate,REIT - Retail,8547274845,Mid,825433,1554702,80,279,4442,moderate,-0.4511,
NOV,NOV Inc,No,0,18.57,Energy,Oil & Gas Equipment & Services,6829666108,Mid,3032919,5133228,299,2483,6151,high,1.4343,
NRG,NRG Energy Inc,Yes,4,154.32,Utilities,Utilities - Independent Power Producers,34447158549,Large,2466453,2859796,4216,13007,26834,high,2.0034,
NTAP,NetApp Inc,Yes,1,101.06,Technology,Software - Infrastructure,20149407144,Large,2195513,2537701,1647,6621,13455,high,2.1398,
NTNX,Nutanix Inc,No,0,39.83,Technology,Software - Infrastructure,10711916597,Large,2950329,5881185,2078,13172,16304,high,1.1842,
NTRA,Natera Inc,Yes,0,198.13,Healthcare,Diagnostics & Research,27940898625,Large,717328,1142372,583,7039,5881,moderate,1.1175,
NU,Nu Holdings Ltd,Yes,11,14.58,Financial Services,Banks - Regional,71961083225,Large,49600788,60910378,42550,191765,355088,ultra_liquid,1.7513,
NUE,Nucor Corp,Yes,1,168.75,Basic Materials,Steel,39200011241,Large,2138571,1903947,1455,4507,22117,high,0.7603,
NVDA,NVIDIA Corp,Yes,85,177.82,Technology,Semiconductors,4455162000000,Mega,9573901,186924497,2428251,5036039,4293404,high,2.1494,
NVST,Envista Holdings Corp,No,0,26.86,Healthcare,Medical Instruments & Supplies,4577039838,Mid,5522769,3356460,202,4460,4745,high,2.2023,
NVT,nVent Electric PLC,Yes,4,106.02,Industrials,Electrical Equipment & Parts,17879193129,Large,1135699,2485522,1597,12525,15639,high,2.1367,
NWL,Newell Brands Inc,No,0,4.24,Consumer Defensive,Household & Personal Products,1806752000,Small,3413918,5600874,772,5276,75088,high,0.9725,Keep
NXE,Nexgen Energy Ltd. Common Shares,Yes,4,12.09,Energy,Uranium,8140423919,Mid,0,9849843,5908,16965,115371,N/A,1.9824,
NXPI,NXP Semiconductors NV,No,0,201.74,Technology,Semiconductors,53212059300,Large,2571588,3122408,3001,9352,17952,high,1.6409,Keep
O,Realty Income Corp,No,0,65,Real Estate,REIT - Retail,60422126126,Large,2857640,6828383,4667,12560,54810,high,-0.3686,Keep
OGN,Organon & Co,No,0,6.56,Healthcare,Drug Manufacturers - General,1746718011,Small,5308008,4531094,804,5054,26316,high,0.6857,
OHI,Omega Healthcare Investors Inc,No,0,47.69,Real Estate,REIT - Healthcare Facilities,13912479900,Large,1657014,2173991,705,6543,9153,high,-0.8254,
OKE,ONEOK Inc,Yes,2,86.93,Energy,Oil & Gas Midstream,53909479070,Large,2033592,5266050,7383,46269,63209,high,-0.2232,
OKLO,Oklo Inc,Yes,5,58.25,Utilities,Utilities - Independent Power Producers,9692006062,Mid,0,9063267,33862,86369,106290,N/A,4.3952,
OKTA,Okta Inc,Yes,2,80.72,Technology,Software - Infrastructure,14116387102,Large,1413811,3532036,8295,35820,44139,high,1.4862,
OLN,Olin Corp,Yes,0,23.37,Basic Materials,Chemicals,2797737991,Mid,2919689,3559813,1884,10548,19319,high,2.0078,
OMC,Omnicom Group Inc,No,0,84.93,Communication Services,Advertising Agencies,26307211880,Large,1781509,5722301,1409,9459,10823,high,0.8279,
OMF,OneMain Holdings Inc,Yes,0,53.41,Financial Services,Credit Services,6445706561,Mid,694643,1678632,408,1515,9475,moderate,1.2719,
ON,ON Semiconductor Corp,Yes,6,56.87,Technology,Semiconductors,23976149250,Large,6624626,9426172,11764,38500,66878,high,1.2911,
ORCL,Oracle Corp,Yes,43,152.96,Technology,Software - Infrastructure,444880545890,Mega,10439690,29073721,218820,462073,623667,ultra_liquid,2.341,
ORI,Old Republic International Corp,No,0,41.82,Financial Services,Insurance - Property & Casualty,10379526975,Large,1569215,1991042,29,78,950,high,-0.2616,
ORLY,O'Reilly Automotive Inc,Yes,1,94.6,Consumer Cyclical,Auto Parts,79119636528,Large,639848,6504144,1648,5369,25907,moderate,0.1805,
OTIS,Otis Worldwide Corp,No,0,89.22,Industrials,Specialty Industrial Machinery,35233650864,Large,0,4255871,575,1506,10003,N/A,-0.0847,
OVV,Ovintiv Inc,No,0,52.25,Energy,Oil & Gas E&P,14911945417,Large,4745150,5479538,1090,4800,12008,high,0.2524,
OWL,Blue Owl Capital Inc,Yes,11,9.89,Financial Services,Asset Management,6935219529,Mid,23130084,36509890,30256,95661,232176,ultra_liquid,2.2774,
OXY,Occidental Petroleum Corp,Yes,7,54.19,Energy,Oil & Gas E&P,52508836765,Large,10635043,14384474,53190,186892,258794,ultra_liquid,0.1639,
PANW,Palo Alto Networks Inc,Yes,1,165.05,Technology,Software - Infrastructure,133138560000,Large,1199117,14030094,40244,142587,130203,high,0.8612,
PATH,UiPath Inc,Yes,4,11.86,Technology,Software - Infrastructure,6176358849,Mid,29464185,32833932,31992,88538,139475,ultra_liquid,1.1905,
PAYX,Paychex Inc,Yes,0,100.85,Technology,Software - Application,35315217731,Large,1420436,4289049,1055,5700,14839,high,0.5757,
PCG,PG&E Corp,Yes,9,18.18,Utilities,Utilities - Regulated Electric,39849159006,Large,16535991,22335199,17879,37883,146388,ultra_liquid,-0.2449,
PCOR,Procore Technologies Inc,Yes,1,58.93,Technology,Software - Application,8896455568,Mid,2151949,3162195,213,1756,1238,high,1.3977,
PDD,Pinduoduo Inc,Yes,38,101.97,Consumer Cyclical,Internet Retail,143015184581,Large,8322555,6903435,29186,121498,363829,high,1.6351,
PEG,Public Service Enterprise Group Inc,No,0,83.35,Utilities,Utilities - Regulated Electric,41854253247,Large,3040089,2928587,591,7439,19399,high,-0.0333,
PEGA,Pegasystems Inc,No,0,47.24,Technology,Software - Application,8005910389,Mid,1973015,2787556,733,4809,4036,high,1.4493,
PENN,PENN Entertainment Inc,No,0,14.64,Consumer Cyclical,"Gambling, Resorts & Casinos",2060044566,Mid,4341951,4971575,4369,19298,27618,high,1.5354,
PEP,PepsiCo Inc,Yes,1,159.43,Consumer Defensive,Beverages - Non-Alcoholic,219620502817,Mega,4152811,8700909,24203,188305,155659,high,-0.2646,
PFE,Pfizer Inc,Yes,19,27.05,Healthcare,Drug Manufacturers - General,151311576338,Large,22489706,46856559,100952,217280,1024301,ultra_liquid,0.617,
PFGC,Performance Food Group Co,No,0,87.46,Consumer Defensive,Food Distribution,14145191348,Large,2354846,2918322,642,7154,10207,high,0.199,
PG,Procter & Gamble Co,Yes,1,153.63,Consumer Defensive,Household & Personal Products,357872865483,Mega,6856619,11205299,16732,32414,145251,high,-0.5733,
PGR,Progressive Corp,Yes,2,210.6,Financial Services,Insurance - Property & Casualty,123378822000,Large,3432035,3500414,1701,4421,23557,high,-0.055,
PII,Polaris Inc,No,0,54.34,Consumer Cyclical,Auto - Recreational Vehicles,3091909087,Mid,713635,1024572,237,1021,6337,moderate,1.1966,
PINS,Pinterest Inc,Yes,10,20.01,Communication Services,Internet Content & Information,13136487803,Large,18953663,23434771,22065,100520,86779,ultra_liquid,1.2066,
PK,Park Hotels & Resorts Inc,No,0,10.91,Real Estate,REIT - Hotel & Motel,2275802360,Mid,2379931,4183524,123,613,2424,high,0.8192,
PLTR,Palantir Technologies Inc,Yes,62,157.16,Technology,Software - Infrastructure,365137130798,Mega,47230530,58805358,578451,1022298,830434,ultra_liquid,2.1729,
PM,Philip Morris International Inc,Yes,0,169.98,Consumer Defensive,Tobacco,264168524556,Mega,4822243,5611249,3731,11986,53878,high,0.3606,
PNR,Pentair PLC,No,0,92.17,Industrials,Specialty Industrial Machinery,15665730704,Large,1024350,1998082,615,4317,5385,high,1.2598,
PPL,PPL Corp,Yes,0,38.55,Utilities,Utilities - Regulated Electric,28519605824,Large,8607997,11363534,1607,9813,25037,high,-0.0697,
PR,Permian Resources Corp,No,0,18.85,Energy,Oil & Gas E&P,14034360793,Large,0,13318494,770,1894,16907,N/A,0.1944,
PRU,Prudential Financial Inc,No,0,97.12,Financial Services,Insurance - Life,34500720000,Large,2085863,2582814,1323,4011,17481,high,1.2029,
PSN,Parsons Corp,Yes,0,65.19,Technology,Information Technology Services,7003902413,Mid,1582396,1218062,280,3124,5564,high,0.8447,
PSTG,Everpure Inc,Yes,2,60.9,Technology,Computer Hardware,20183392903,Large,3089716,3786457,3645,17577,41189,high,3.8672,
PSX,Phillips 66,Yes,0,165.96,Energy,Oil & Gas Refining & Marketing,66699835021,Large,2688876,2647358,2990,16731,30956,high,0.3029,
PVH,PVH Corp,No,0,64.91,Consumer Cyclical,Apparel - Manufacturers,3006946992,Mid,887662,872332,206,479,5518,moderate,1.0184,
PYPL,PayPal Holdings Inc,Yes,7,46.97,Financial Services,Credit Services,43860458780,Large,6992582,31399845,116625,366291,349107,high,1.5615,
QCOM,Qualcomm Inc,Yes,5,135.69,Technology,Semiconductors,146179000000,Large,9609609,10857513,33966,135576,161894,high,1.7159,
QDEL,QuidelOrtho Corp,No,0,20.83,Healthcare,Medical Devices,1457290222,Small,1064408,1201080,145,973,953,high,1.9493,
QQQ,"Invesco QQQ Trust, Series 1",Yes,0,599.75,N/A,N/A,0,,58485616,68004333,5583815,6934508,4774925,ultra_liquid,1.3079,
QRVO,Qorvo Inc,Yes,0,77.64,Technology,Semiconductors,7361757969,Mid,1878526,1551332,229,3335,3099,high,0.5584,
QS,QuantumScape Corp,Yes,4,6.69,Consumer Cyclical,Auto Parts,4239066810,Mid,0,15372230,14857,33884,73182,N/A,3.1834,
RBLX,Roblox Corp,Yes,11,63.53,Communication Services,Electronic Gaming & Multimedia,46831295585,Large,11374920,12919475,30127,111348,110940,ultra_liquid,2.394,
RCL,Royal Caribbean Group,Yes,18,278.08,Consumer Cyclical,Travel Services,76575741447,Large,2407234,2668017,8511,33205,40855,high,1.6307,
REG,Regency Centers Corp,No,0,78.66,Real Estate,REIT - Retail,14506319352,Large,924873,1358077,14,147,430,moderate,-0.0334,
REXR,Rexford Industrial Realty Inc,No,0,36.03,Real Estate,REIT - Industrial,8557356023,Mid,562132,2728765,77,1420,3470,moderate,0.7399,
RF,Regions Financial Corp,No,0,27.04,Financial Services,Banks - Regional,23953675608,Large,9475221,14218224,2716,17068,29170,high,1.0323,
RGEN,Repligen Corp,Yes,0,119.99,Healthcare,Medical Instruments & Supplies,7043078683,Mid,401916,814615,139,2908,2032,moderate,1.5481,
RHI,Robert Half Inc,No,0,24.76,Industrials,Staffing & Employment Services,2519486976,Mid,971306,4004375,471,3579,6453,moderate,0.7459,
RITM,Rithm Capital Corp,No,0,9.65,Real Estate,REIT - Mortgage,5436515661,Mid,0,10151901,1600,9445,46601,N/A,0.6738,
RIVN,Rivian Automotive Inc,Yes,18,15.37,Consumer Cyclical,Auto - Manufacturers,18850634894,Large,35905645,29696136,80668,467074,420134,ultra_liquid,1.2731,
RKT,Rocket Companies Inc,Yes,1,14.95,Financial Services,Financial - Mortgages,44096837587,Large,28057215,32253872,62160,176046,314976,ultra_liquid,1.7466,
RL,Ralph Lauren Corp,Yes,0,338.36,Consumer Cyclical,Apparel - Manufacturers,21394779081,Large,911802,706574,240,1393,2459,moderate,0.9523,
RMD,ResMed Inc,Yes,2,252.87,Healthcare,Medical Instruments & Supplies,37194609343,Large,487506,1197185,390,3209,4575,moderate,0.7658,
RNG,RingCentral Inc,No,0,42.02,Technology,Software - Application,3335158891,Mid,2293308,3505360,1211,6921,5839,high,2.3956,
ROKU,Roku Inc,Yes,1,100.57,Communication Services,Entertainment,14464139397,Large,4115426,4221998,9216,37102,47036,high,1.903,
ROL,Rollins Inc,No,0,58.28,Consumer Cyclical,Personal Products & Services,27985134495,Large,1324704,3512288,394,1694,3752,high,0.4749,
RPRX,Royalty Pharma PLC,No,0,45.41,Healthcare,Biotechnology,19578730568,Large,3946827,3743520,337,6482,3737,high,0.3278,
RRC,Range Resources Corp,Yes,3,41.49,Energy,Oil & Gas E&P,9845987230,Mid,11343833,3452123,1738,11865,42619,ultra_liquid,-0.0938,
RTX,RTX Corp,Yes,6,209.76,Industrials,Aerospace & Defense,273638765629,Mega,5698902,7286989,23232,194486,94952,high,0.6277,
RVTY,Revvity Inc,No,0,91.34,Healthcare,Diagnostics & Research,10796465547,Large,0,1404172,67,367,947,N/A,1.685,
RYN,Rayonier Inc,No,0,21.55,Real Estate,REIT - Specialty,6626379349,Mid,592902,3962681,242,1537,3370,moderate,0.2252,
S,SentinelOne Inc,No,0,14.19,Technology,Software - Infrastructure,4747969845,Mid,9155777,8607882,8787,23320,77480,high,1.3412,Keep
SARO,StandardAero Inc,No,0,28.87,Industrials,Aerospace & Defense,9746786050,Mid,0,5141391,195,1625,2364,N/A,1.1593,
SBUX,Starbucks Corp,Yes,11,98.99,Consumer Cyclical,Restaurants,112437517000,Large,7442475,9398414,29975,205607,163563,high,0.8248,
SCCO,Southern Copper Corp,Yes,4,184.97,Basic Materials,Copper,158497179426,Large,1212068,2302384,5712,25956,25967,high,1.6321,
SCHW,Charles Schwab Corp,Yes,6,95.23,Financial Services,Financial - Capital Markets,167178396649,Large,8013177,12469447,19682,97262,133406,high,1.2532,
SCI,Service Corp International,No,0,81.55,Consumer Cyclical,Personal Products & Services,11377357903,Large,808270,1205309,530,3718,4993,moderate,0.141,
SEE,Sealed Air Corp,No,0,41.98,Consumer Cyclical,Packaging & Containers,6182442751,Mid,1184914,2810250,296,1914,21028,high,0.0241,
SF,Stifel Financial Corp,No,0,73.15,Financial Services,Financial - Capital Markets,11621477033,Large,416124,1359491,134,1117,2388,moderate,2.7296,
SGI,Somnigroup International Inc,Yes,0,80,Consumer Cyclical,"Furnishings, Fixtures & Appliances",17357308292,Large,0,2109937,428,2003,2241,N/A,1.2415,
SIRI,Sirius XM Holdings Inc,Yes,3,22.25,Communication Services,Entertainment,7575910206,Mid,26652669,5683684,19344,68854,100470,ultra_liquid,-0.4633,
SJM,JM Smucker Co,Yes,0,111.21,Consumer Defensive,Packaged Foods,11879346368,Large,881291,2369412,1509,18857,6837,moderate,-0.3518,
SLB,SLB Ltd,Yes,8,46.9,Energy,Oil & Gas Equipment & Services,70878712389,Large,11002927,19699269,31204,156763,204469,ultra_liquid,1.1189,
SLM,SLM Corp,No,0,19.09,Financial Services,Credit Services,3941295511,Mid,4321723,4518684,461,3809,6444,high,1.5797,
SMCI,Super Micro Computer Inc,Yes,29,31.31,Technology,Computer Hardware,19311419158,Large,312284,31404247,167129,469477,531843,moderate,3.0743,
SMR,NuScale Power Corp,Yes,40,11.67,Industrials,Specialty Industrial Machinery,3880586281,Mid,26460115,24726449,69438,215310,211855,ultra_liquid,4.5376,
SN,SharkNinja Inc,Yes,4,111.1,Consumer Cyclical,"Furnishings, Fixtures & Appliances",16090712514,Large,0,1666482,696,4623,8679,N/A,1.361,
SNDK,SanDisk Corp,Yes,15,527.33,Technology,Computer Hardware,83481633753,Large,0,21364717,117594,387105,116760,N/A,2.9228,
SNOW,Snowflake Inc,Yes,9,180.48,Technology,Software - Application,60723390000,Large,0,7608795,36180,119746,116145,N/A,2.3836,
SNPS,Synopsys Inc,Yes,1,437.41,Technology,Software - Infrastructure,84727884542,Large,1158333,2578369,3898,18716,28703,high,2.2764,
SO,Southern Co,Yes,0,97.48,Utilities,Utilities - Regulated Electric,108804833485,Large,4739147,6929827,4092,38399,35170,high,-0.535,
SOFI,SoFi Technologies Inc,Yes,48,18.9,Financial Services,Credit Services,24548829112,Large,57510985,67214811,296499,756115,809624,ultra_liquid,2.2609,
SOLV,Solventum Corp,No,0,69.41,Healthcare,Medical Instruments & Supplies,12279834893,Large,0,1169343,210,1256,2895,N/A,1.092,
SPG,Simon Property Group Inc,Yes,0,194.83,Real Estate,REIT - Retail,65325356672,Large,2064367,1615479,1064,5602,15804,high,0.2736,
SPY,State Street SPDR S&P 500 ETF Trust,Yes,0,672.38,N/A,N/A,0,,81666586,84398538,9939062,13138555,7609748,ultra_liquid,1,
SRE,Sempra,No,0,92.63,Utilities,Diversified Utilities,61369512111,Large,1335611,4229580,359,3424,9643,high,0.2747,
SRPT,Sarepta Therapeutics Inc,Yes,2,16.71,Healthcare,Biotechnology,1703983999,Small,1127247,2635565,1926,6612,14425,high,2.6875,
SSNC,SS&C Technologies Holdings Inc,No,0,75.79,Technology,Software - Application,18421628652,Large,1282057,2612622,369,2147,5499,high,1.1424,
ST,Sensata Technologies Holding PLC,No,0,32.98,Technology,"Hardware, Equipment & Parts",4988039886,Mid,863398,2250092,194,2017,1256,moderate,1.8798,
STAG,Stag Industrial Inc,No,0,38.1,Real Estate,REIT - Industrial,7444684805,Mid,1345967,1555707,49,415,1767,high,0.2974,
STT,State Street Corp,Yes,1,121.04,Financial Services,Asset Management,34880048324,Large,2743047,1985444,5903,77048,80017,high,1.6563,
STX,Seagate Technology Holdings PLC,Yes,5,352.8,Technology,Computer Hardware,82293481619,Large,2541873,4760605,13662,59926,46153,high,2.8159,
STZ,Constellation Brands Inc,Yes,5,146.47,Consumer Defensive,Beverages - Alcoholic,25543414080,Large,1175426,2218548,3874,20670,40192,high,-0.262,
SW,Smurfit WestRock PLC,No,0,42.85,Consumer Cyclical,Packaging & Containers,23376474043,Large,0,7113377,640,6018,6698,N/A,1.0669,
SWK,Stanley Black & Decker Inc,No,0,76.08,Industrials,Manufacturing - Tools & Accessories,12085342941,Large,1198279,2085487,786,2885,16210,high,1.3818,
SWKS,Skyworks Solutions Inc,Yes,0,54.81,Technology,Semiconductors,8493101605,Mid,2345070,4016493,1148,8655,17336,high,0.738,
SYF,Synchrony Financial,Yes,0,66.67,Financial Services,Credit Services,23973715362,Large,5814816,5395523,889,3364,22821,high,1.6572,
SYK,Stryker Corp,Yes,0,364.56,Healthcare,Medical Devices,141786154087,Large,1438430,2008646,769,7841,11499,high,0.2491,
SYY,Sysco Corp,Yes,1,85.23,Consumer Defensive,Food Distribution,41082671071,Large,2280848,4268287,924,2345,25474,high,0.3993,
T,AT&T Inc,Yes,1,28.64,Communication Services,Telecom Services,202806721512,Mega,30078123,47854404,51179,131292,388184,ultra_liquid,-0.6568,
TAP,Molson Coors Beverage Co,No,0,46.64,Consumer Defensive,Beverages - Alcoholic,8866582941,Mid,1845520,3284387,1043,5930,29969,high,-0.5231,
TDC,Teradata Corp,No,0,28.02,Technology,Software - Infrastructure,2699072000,Mid,1209531,2360495,1042,8889,4601,high,1.7508,
TECH,Bio-Techne Corp,No,0,53.89,Healthcare,Biotechnology,8747303555,Mid,148074,2511211,1247,7235,15622,moderate,1.5732,
TER,Teradyne Inc,Yes,3,273.05,Technology,Semiconductor Equipment & Materials,47840367201,Large,2168151,3909160,5681,26900,21238,high,2.7095,
TFC,Truist Financial Corp,Yes,0,46.49,Financial Services,Banks - Regional,60559680250,Large,8969711,9721584,5535,82905,79842,high,0.9571,
TGT,Target Corp,Yes,9,120.79,Consumer Defensive,Discount Stores,54499780470,Large,4611173,6657486,34221,281472,183239,high,0.4337,
THC,Tenet Healthcare Corp,Yes,0,236.95,Healthcare,Medical - Care Facilities,20992868200,Large,1036115,1128737,1021,11577,6913,high,-0.0021,
TJX,TJX Companies Inc,Yes,2,159.33,Consumer Cyclical,Apparel - Retail,178707469598,Large,4791142,5811971,3621,15776,43704,high,-0.1476,
TMO,Thermo Fisher Scientific Inc,Yes,4,501.97,Healthcare,Diagnostics & Research,194932369331,Large,1379639,2436915,5044,20390,20640,high,0.9594,
TMUS,T-Mobile US Inc,Yes,1,221.57,Communication Services,Telecom Services,243004808459,Mega,3753283,6840074,11866,62350,56217,high,-0.5946,
TOL,Toll Brothers Inc,Yes,0,147.68,Consumer Cyclical,Residential Construction,14171955480,Large,2252269,1236705,1203,5088,14330,high,0.7495,
TOST,Toast Inc,Yes,2,30.29,Technology,Software - Infrastructure,17970390000,Large,0,14089260,14666,52538,75752,N/A,1.704,
TPG,TPG Inc,No,0,43.07,Financial Services,Asset Management,7203229987,Mid,3045115,4646241,777,5890,5255,high,2.2071,
TRMB,Trimble Inc,No,0,70.08,Technology,"Hardware, Equipment & Parts",16482666087,Large,953963,2332995,332,1678,2810,moderate,1.6229,
TROW,T. Rowe Price Group Inc,No,0,90.4,Financial Services,Asset Management,20071429808,Large,1033256,2258447,1716,13021,19220,high,1.3774,
TRU,TransUnion,No,0,77.38,Financial Services,Financial - Data & Stock Exchanges,15101766000,Large,1056245,3209962,136,1113,2234,high,1.5311,
TRV,The Travelers Companies Inc,Yes,1,306.31,Financial Services,Insurance - Property & Casualty,66307190269,Large,1338709,1662810,1143,8753,9521,high,-0.0325,
TSCO,Tractor Supply Co,Yes,1,50.16,Consumer Cyclical,Specialty Retail,26586003455,Large,1420835,7284359,3354,15298,28147,high,0.1567,
TSLA,Tesla Inc,Yes,26,396.73,Consumer Cyclical,Auto - Manufacturers,1521798791111,Mega,17275304,59601941,2003322,3210600,1297839,ultra_liquid,1.6854,
TSN,Tyson Foods Inc,Yes,0,61.43,Consumer Defensive,Farm Products,21850020629,Large,2682095,3131339,1445,9873,22640,high,0.228,
TTC,The Toro Co,No,0,99.47,Industrials,Manufacturing - Tools & Accessories,9641810399,Mid,405093,906215,151,2532,3442,moderate,0.2897,
TTD,The Trade Desk Inc,Yes,6,29.28,Communication Services,Advertising Agencies,14179356229,Large,828393,20736817,38187,237280,104557,moderate,1.1557,
TTEK,Tetra Tech Inc,No,0,34.87,Industrials,Engineering & Construction,9163473655,Mid,260041,3410534,272,1461,6872,moderate,1.2693,
TTWO,Take-Two Interactive Software Inc,Yes,1,211.5,Communication Services,Electronic Gaming & Multimedia,39355339663,Large,1551701,2934006,9818,32053,55048,high,1.2989,
TXG,10x Genomics Inc,No,0,20.81,Healthcare,Medical - Healthcare Information,2765836298,Mid,708039,2730265,304,1214,3129,moderate,1.526,
TXN,Texas Instruments Inc,Yes,1,193.23,Technology,Semiconductors,179676902236,Large,4605909,8802484,24281,311896,94535,high,0.8069,
TXT,Textron Inc,No,0,94.96,Industrials,Aerospace & Defense,16789258926,Large,1784749,1955314,506,2071,8581,high,0.566,
U,Unity Software Inc,Yes,22,19.85,Technology,Software - Application,8975833176,Mid,0,24188056,41288,120516,109853,N/A,3.013,
UA,"Under Armour, Inc. Class C Common Stock",No,0,6.41,Consumer Cyclical,Apparel - Manufacturers,2827537851,Mid,5781771,4439935,2561,33007,7385,high,2.6267,Keep
UAL,United Airlines Holdings Inc,Yes,8,92.07,Industrials,Airlines,30864964885,Large,3762771,6430168,18791,66682,105569,high,2.549,
UBER,Uber Technologies Inc,Yes,15,75.13,Technology,Software - Application,155264269757,Large,21134148,23178525,63508,164872,354962,ultra_liquid,0.4972,
UDR,UDR Inc,No,0,37.25,Real Estate,REIT - Residential,12377305921,Large,1555812,4580422,26,157,1356,high,0.2733,
UEC,Uranium Energy Corp,Yes,4,12.93,Energy,Uranium,6622270407,Mid,843725,10285624,11672,28229,91448,moderate,2.8856,
UGI,UGI Corp,No,0,36.75,Utilities,Utilities - Regulated Gas,7887885384,Mid,1575633,2366940,147,1320,4670,high,0.4196,
ULTA,Ulta Beauty Inc,No,0,646.34,Consumer Cyclical,Specialty Retail,28996890106,Large,1144822,509414,2561,5387,12870,high,0.4961,Keep
UNH,UnitedHealth Group Inc,Yes,6,286.48,Healthcare,Healthcare Plans,261579018297,Mega,3765082,11463302,90025,400345,275271,high,0.3213,
UNM,Unum Group,No,0,73.52,Financial Services,Insurance - Life,12165271139,Large,2045692,1634855,455,2327,8210,high,0.548,
UPS,United Parcel Service Inc,Yes,3,102.36,Industrials,Integrated Freight & Logistics,88366015375,Large,3507767,7072753,52103,855975,128105,high,0.4316,
URA,Global X Uranium ETF,No,0,48.78,N/A,N/A,0,,5688579,6240369,11582,37604,98539,high,2.7402,Keep
URNM,Sprott Uranium Miners ETF,No,0,63.97,N/A,N/A,0,,958280,1230821,755,2496,10385,moderate,2.5265,Keep
USB,U.S. Bancorp,Yes,1,52.37,Financial Services,Banks - Regional,83759740524,Large,6442156,10733774,6756,21965,87410,high,1.052,
UUUU,Energy Fuels Inc Ordinary Shares (Canada),Yes,3,19.03,Energy,Uranium,4924064194,Mid,0,14344976,24222,78728,112657,N/A,2.2909,
UWMC,UWM Holdings Corp,Yes,1,3.86,Financial Services,Financial - Mortgages,1188302447,Small,17191654,19348216,8857,79140,62149,ultra_liquid,0.593,
VEEV,Veeva Systems Inc,Yes,1,195.49,Healthcare,Medical - Healthcare Information,32228706491,Large,2038331,2481226,890,5326,4753,high,1.3946,
VFC,VF Corp,Yes,5,17.32,Consumer Cyclical,Apparel - Manufacturers,7144468643,Mid,2521551,7258633,7136,33784,143625,high,1.9044,
VICI,VICI Properties Inc,No,0,29.67,Real Estate,REIT - Specialty,31730810407,Large,3786404,9806919,1077,7278,23095,high,-0.2289,
VIX,CBOE Volatility S&P 500 Index,Yes,279,29.49,N/A,N/A,0,,0,0,343531,676236,3433590,N/A,-10.3019,
VKTX,Viking Therapeutics Inc,Yes,0,32.98,Healthcare,Biotechnology,3641115835,Mid,1132190,2936618,6583,13390,27910,high,0.5568,
VLO,Valero Energy Corp,Yes,1,224.63,Energy,Oil & Gas Refining & Marketing,68186950314,Large,4061243,3232565,7379,38232,54414,high,0.551,
VLTO,Veralto Corp,No,0,94.33,Industrials,Industrial - Pollution & Treatment,23592209438,Large,1918128,2332279,229,3010,1533,high,0.7767,
VNOM,Viper Energy Inc,No,0,44.1,Energy,Oil & Gas Midstream,7713971215,Mid,541789,3725050,1165,8910,12194,moderate,0.4139,
VRT,Vertiv Holdings Co,Yes,29,241.78,Industrials,Electrical Equipment & Parts,95553966384,Large,4095571,6355481,27754,73195,124441,high,3.2133,
VRTX,Vertex Pharmaceuticals Inc,Yes,0,456.69,Healthcare,Biotechnology,117064035435,Large,1348051,1426367,3104,7172,17248,high,0.8834,
VST,Vistra Corp,Yes,11,158.65,Utilities,Utilities - Independent Power Producers,56719387026,Large,4780924,5448992,13979,27708,114887,high,2.0688,
VTR,Ventas Inc,No,0,84.87,Real Estate,REIT - Healthcare Facilities,40353045431,Large,2232107,2994727,596,4671,4632,high,-0.0661,
VTRS,Viatris Inc,No,0,14.16,Healthcare,Drug Manufacturers - Specialty,16735496121,Large,0,11000370,2252,8221,21046,N/A,0.9714,
VVV,Valvoline Inc,No,0,35.27,Consumer Cyclical,Auto - Dealerships,4591008685,Mid,1571520,2138604,47,512,287,high,0.593,
VZ,Verizon Communications Inc,Yes,7,51.12,Communication Services,Telecom Services,215861075718,Mega,13115244,35876756,83735,301900,539843,ultra_liquid,-0.7764,
W,Wayfair Inc,Yes,1,76.2,Consumer Cyclical,Internet Retail,10270244559,Large,2089915,4244422,6745,18222,41385,high,2.7801,
WAL,Western Alliance Bancorp,No,0,73.91,Financial Services,Banks - Regional,8871641521,Mid,809162,1569395,760,7202,6540,moderate,1.8142,
WBD,Warner Bros. Discovery Inc,Yes,16,27.95,Communication Services,Entertainment,69436845548,Large,0,25817148,73671,183627,968083,N/A,0.6338,
WBS,Webster Financial Corp,No,0,68.5,Financial Services,Banks - Regional,11138189097,Large,631067,5959229,95,1209,825,moderate,0.6472,
WDAY,Workday Inc,Yes,4,151.04,Technology,Software - Application,38708340000,Large,1931992,6287030,9864,47881,31735,high,0.8736,
WDC,Western Digital Corp,Yes,4,245.25,Technology,Computer Hardware,87820992935,Large,4793527,10725182,25124,61334,70850,high,3.5624,
WFC,Wells Fargo & Co,Yes,6,80.42,Financial Services,Banks - Diversified,253361542482,Mega,33508010,16700924,35266,74293,294542,ultra_liquid,1.4542,
WH,Wyndham Hotels & Resorts Inc,No,0,76.77,Consumer Cyclical,Travel Lodging,5981096493,Mid,781338,1593419,94,610,853,moderate,0.6076,
WHR,Whirlpool Corp,No,0,58.76,Consumer Cyclical,"Furnishings, Fixtures & Appliances",3944268156,Mid,727825,3123437,4155,14450,29409,moderate,0.2635,
WLK,Westlake Corp,Yes,1,103.19,Basic Materials,Specialty Chemicals,13534100267,Large,697957,1464633,129,400,1930,moderate,1.5516,
WM,Waste Management Inc,Yes,0,246.05,Industrials,Waste Management,99256902346,Large,1660920,2529761,1186,6530,14655,high,0.0608,
WMB,Williams Companies Inc,Yes,2,74.24,Energy,Oil & Gas Midstream,91336273809,Large,8371565,8020157,9683,55021,92380,high,-0.0597,
WMT,Walmart Inc,Yes,6,123.8,Consumer Defensive,Discount Stores,982801288330,Mega,9471212,25281641,119953,359703,410838,high,-0.1258,
WOLF,Wolfspeed Inc,Yes,2,16.57,Technology,Semiconductors,853979561,Small,0,1951964,1080,3599,16660,N/A,1.8704,
WRB,WR Berkley Corp,No,0,69.92,Financial Services,Insurance - Property & Casualty,26053328851,Large,782968,2318880,190,781,2929,moderate,-0.2476,
WSC,WillScot Holdings Corp,No,0,19.26,Industrials,Rental & Leasing Services,3629748570,Mid,371160,2016709,62,402,1398,moderate,1.888,
WULF,TeraWulf Inc,Yes,35,13.75,Financial Services,Financial - Capital Markets,6458557543,Mid,30257285,36218712,81178,149798,419536,ultra_liquid,4.3338,
WY,Weyerhaeuser Co,No,0,24.5,Real Estate,REIT - Specialty,17749978950,Large,3560634,6766609,1548,9833,27556,high,-0.0507,
WYNN,Wynn Resorts Ltd,Yes,2,101.61,Consumer Cyclical,"Gambling, Resorts & Casinos",10955790852,Large,2609962,1827802,3672,15727,38676,high,1.3318,
XEL,Xcel Energy Inc,No,0,82.52,Utilities,Utilities - Regulated Electric,48731046499,Large,2863885,4811307,326,1425,11914,high,-0.2396,
XLB,State Street Materials Select Sector SPDR ETF,Yes,0,49.86,N/A,N/A,0,,15403216,19763060,47423,291133,455783,ultra_liquid,0.8332,
XLE,State Street Energy Select Sector SPDR ETF,Yes,0,56.57,N/A,N/A,0,,48468753,61825039,200571,529587,1718023,ultra_liquid,0.1661,
XLF,State Street Financial Select Sector SPDR ETF,Yes,0,50.57,N/A,N/A,0,,48635404,58292718,164742,317131,1705415,ultra_liquid,0.9902,
XLI,State Street Industrial Select Sector SPDR ETF,Yes,0,169.94,N/A,N/A,0,,11168918,13881337,37670,155180,296353,ultra_liquid,1.0129,
XLK,State Street Technology Select Sector SPDR ETF,No,0,137.29,N/A,N/A,0,,17157569,21920248,12631,23383,168395,ultra_liquid,1.7714,Keep
XLP,State Street Consumer Staples Select Sector SPDR ETF,No,0,85.78,N/A,N/A,0,,19602644,23829240,113047,771667,1180866,ultra_liquid,-0.1282,Keep
XLRE,State Street Real Estate Select Sector SPDR ETF,No,0,42.89,N/A,N/A,0,,9146677,9645975,624,2203,10267,high,0.2596,Keep
XLU,State Street Utilities Select Sector SPDR ETF,No,0,46.74,N/A,N/A,0,,25235694,30951956,34288,189995,404809,ultra_liquid,0.0853,Keep
XLV,State Street Health Care Select Sector SPDR ETF,No,0,152.7,N/A,N/A,0,,12701418,14645930,8563,21100,101683,ultra_liquid,0.3548,Keep
XLY,State Street Consumer Discretionary Select Sector SPDR ETF,Yes,0,114.44,N/A,N/A,0,,10336484,11824790,4363,11999,103966,ultra_liquid,1.0118,
XOM,Exxon Mobil Corp,Yes,11,151.21,Energy,Oil & Gas Integrated,628181258174,Mega,28951816,22183607,139560,1523038,401519,ultra_liquid,0.0548,
XP,XP Inc,Yes,2,18.64,Financial Services,Financial - Capital Markets,10198152761,Large,2168272,7669857,1563,15767,48510,high,1.8863,
XPO,XPO Inc,Yes,1,188.65,Industrials,Trucking,24156956486,Large,1037876,2253531,1638,7886,8825,high,1.9315,
XRAY,Dentsply Sirona Inc,No,0,12.74,Healthcare,Medical Instruments & Supplies,2664656102,Mid,1250500,5343807,1190,4462,10779,high,1.7126,
XYZ,Block Inc,Yes,18,66.33,Technology,Software - Infrastructure,40367088480,Large,0,10579144,32272,158979,160028,N/A,2.2273,
YETI,YETI Holdings Inc,Yes,0,40.44,Consumer Cyclical,Leisure,3269496908,Mid,1863086,1405326,412,4858,4443,high,1.5581,
Z,"Zillow Group, Inc. - Class C Capital Stock",Yes,5,45.91,Communication Services,Internet Content & Information,11212768374,Large,4057331,5356288,4739,31496,22731,high,1.6144,
ZBH,Zimmer Biomet Holdings Inc,Yes,1,94.11,Healthcare,Medical Devices,18283679773,Large,1000241,2221523,580,5496,12311,high,0.2393,
ZION,Zions Bancorp NA,No,0,55.74,Financial Services,Banks - Regional,8499171002,Mid,1810418,2033651,1369,10071,11362,high,1.2066,
ZM,Zoom Communications Inc,Yes,1,77.5,Technology,Software - Application,22786590294,Large,3737824,5202042,11779,39303,96770,high,1.41,
ZS,Zscaler Inc,Yes,0,164.06,Technology,Software - Infrastructure,26041662257,Large,2424767,3243265,10216,40483,30737,high,1.513,
ZTS,Zoetis Inc,Yes,0,121.43,Healthcare,Drug Manufacturers - Specialty,51596669871,Large,2113877,4552972,2320,18479,23050,high,0.7382,
